Term,Estimate,Std. Error,df,t value,Pr(>|t|),Effect_type,Delta_var,Zone,Model
Period_bin,-0.04745392403110675,0.006427649146978932,4761.884074583698,-7.382780694153263,1.8199354488442875e-13,Period,NA,All,M1
mean_temp_z,0.038437448685150324,0.010020173074183238,48.68762366794952,3.8360064642180274,3.6003822723729547e-4,Main,NA,All,M1
sen_temp_z,-0.003967879529513449,0.01014470654088615,3762.5140212675337,-0.39112807388974025,0.6957247168936173,Main,NA,All,M1
mean_Q_z,-0.0020163711173147923,0.00444871862056869,4818.859872618658,-0.45324761786283413,0.6503908549619797,Main,NA,All,M1
mean_organic_z,-0.006931336173218468,0.005818344263673472,5171.99663748516,-1.1912901435712393,0.2335943675395799,Main,NA,All,M1
mean_salinity_z,0.0018613919062357685,0.005624710831286314,5188.966304473206,0.3309311290959445,0.740709870092243,Main,NA,All,M1
HFP_period_z,-0.002005365002303156,0.006228537325248292,5041.001326046569,-0.3219640338629929,0.7474932918137415,Main,NA,All,M1
elevation_z,0.0018690565657000907,0.00580841126011269,788.7534657856295,0.3217844746179059,0.7477012346386551,Main,NA,All,M1
Period_bin:mean_temp_z,-0.03279842996243459,0.0086829539778394485,5012.973867389338,-3.777335460506001,1.6035233459683643e-4,Delta,mean_temp_z,All,M1
Period_bin:sen_temp_z,0.008264335486090879,0.011308193379613347,3578.7814015824724,0.7308272160423078,0.46493253976964855,Delta,sen_temp_z,All,M1
Period_bin:mean_Q_z,-0.014388138757125047,0.006428617016331473,5211.962531540463,-2.2381390461701076,0.025254055830876265,Delta,mean_Q_z,All,M1
Period_bin:mean_organic_z,-0.010395973916133977,0.00808762958609043,5210.86532867777,-1.285416673139132,0.19870384242010072,Delta,mean_organic_z,All,M1
Period_bin:mean_salinity_z,0.003411902134013325,0.007287799572047704,5187.873392730187,0.4681662963262118,0.6396853399353466,Delta,mean_salinity_z,All,M1
Period_bin:HFP_period_z,-0.006576571509554703,0.00799355351934007,5193.129743658876,-0.8227344063742067,0.4106968206180045,Delta,HFP_period_z,All,M1
Period_bin:elevation_z,-0.01022136196330787,0.0068825793206709306,5183.327633586775,-1.4851063078356888,0.13757647693048553,Delta,elevation_z,All,M1
Period_bin,-0.047453922850296655,0.0064276490862354985,4761.884504030016,-7.382780580215082,1.8199369631024138e-13,Period,NA,All,M2
mean_temp_z,0.03843744975179661,0.010020170304418959,48.687689478455255,3.8360076310125635,3.6003648297187337e-4,Main,NA,All,M2
sen_temp_z,-0.003967880213550638,0.010144706430304263,3762.5144357433364,-0.39112814558120557,0.6957246639064066,Main,NA,All,M2
mean_Q_z,-0.00201637097878131,0.00444871861499881,4818.859633788408,-0.4532475872902223,0.6503908769736213,Main,NA,All,M2
mean_organic_z,-0.006931335296363424,0.005818344248720448,5171.996760991413,-1.191289995927577,0.2335944254741114,Main,NA,All,M2
mean_salinity_z,0.001861392068846293,0.005624710835083675,5188.966295698005,0.3309311577825498,0.7407098484245569,Main,NA,All,M2
HFP_period_z,-0.0020053630909283564,0.0062285372896716835,5041.000981069578,-0.32196372882822744,0.7474935228902,Main,NA,All,M2
elevation_z,0.001869056700244147,0.005808410898332668,788.7545535278872,0.32178451782408657,0.7477012017993366,Main,NA,All,M2
Period_bin:mean_temp_z,-0.03279842783359871,0.008682953924570917,5012.973638925339,-3.777335238505196,1.6035247715729417e-4,Delta,mean_temp_z,All,M2
Period_bin:sen_temp_z,0.00826433577574899,0.011308193223638666,3578.781909622623,0.7308272517375463,0.4649325179598659,Delta,sen_temp_z,All,M2
Period_bin:mean_Q_z,-0.014388138659748096,0.006428617011700793,5211.962547986258,-2.238139032634872,0.02525405671372268,Delta,mean_Q_z,All,M2
Period_bin:mean_organic_z,-0.01039597440178402,0.008087629585531473,5210.865323903434,-1.2854167332764728,0.198703821418188,Delta,mean_organic_z,All,M2
Period_bin:mean_salinity_z,0.0034119019917387907,0.007287799578514927,5187.873385398852,0.46816627638846947,0.63968535419121,Delta,mean_salinity_z,All,M2
Period_bin:HFP_period_z,-0.006576572131362608,0.007993553515711875,5193.129704281092,-0.8227344845363087,0.4106967761642306,Delta,HFP_period_z,All,M2
Period_bin:elevation_z,-0.010221360723082528,0.006882579310086893,5183.327543832054,-1.4851061299217319,0.13757652405222293,Delta,elevation_z,All,M2
Period_bin,-0.04769366216157269,0.006474510470963935,5208.713445779237,-7.366373469540777,2.0279091052894084e-13,Period,NA,All,M3
mean_temp_z,0.03613793259821182,0.012234982990093289,326.9312776734035,2.953656137280521,0.0033679374215998276,Main,NA,All,M3
sen_temp_z,-0.0028681967786465725,0.010220931842312509,3852.0252950096747,-0.2806198909157031,0.7790170281196762,Main,NA,All,M3
mean_Q_z,-0.0018054587146646946,0.004445957366458808,4765.518306822028,-0.4060899747454702,0.6846947247907782,Main,NA,All,M3
mean_organic_z,-0.007621640713116394,0.0058320333391079,5213.803838431276,-1.306858220786893,0.191318504419116,Main,NA,All,M3
mean_salinity_z,0.0017055185610491347,0.005625284632065991,5189.804814247014,0.30318795805053356,0.7617587778449151,Main,NA,All,M3
HFP_period_z,-0.002957089866863132,0.006246399397213191,5212.9162896583975,-0.47340710684981613,0.6359425839014476,Main,NA,All,M3
elevation_z,0.0013092509710424744,0.006095148005009286,1840.5332591212411,0.21480216230458535,0.8299453635874658,Main,NA,All,M3
C(Protocol)Electrofishing_backpack,-0.0565672432606194,0.042113480307743416,26.058002071836864,-1.3432098902122407,0.19078644583908405,Main,NA,All,M3
C(Protocol)Electrofishing_partialsection,-0.043855876258676395,0.031154182932015582,44.89298301761179,-1.4077042673331652,0.16610565145611333,Main,NA,All,M3
C(Protocol)Electrofishing_wholesection,-0.07335025098318948,0.032663099464195405,57.36342889254483,-2.245661072783202,0.02859448300558632,Main,NA,All,M3
C(Protocol)Seining,-0.04398264221008572,0.0797385880617723,5168.389468862124,-0.5515854152824103,0.5812562772379635,Main,NA,All,M3
Period_bin:mean_temp_z,-0.03367441467577226,0.008711519576016897,5211.79390071081,-3.865504104298754,1.1220840611952308e-4,Delta,mean_temp_z,All,M3
Period_bin:sen_temp_z,0.007936722390948591,0.011419211728570694,4077.173569006102,0.6950324225174872,0.48707458977210016,Delta,sen_temp_z,All,M3
Period_bin:mean_Q_z,-0.014279951308064346,0.006434756274994893,5214.654699984597,-2.219190704013988,0.026516628739135253,Delta,mean_Q_z,All,M3
Period_bin:mean_organic_z,-0.010174202822953705,0.008088653045822914,5212.2528338909015,-1.257836473553257,0.20850724994938913,Delta,mean_organic_z,All,M3
Period_bin:mean_salinity_z,0.0035794766521307806,0.007288178143857467,5187.5743874604195,0.49113462671704744,0.6233520086548086,Delta,mean_salinity_z,All,M3
Period_bin:HFP_period_z,-0.006381938236320669,0.007995103195196298,5193.662953680423,-0.7982308771392884,0.4247730187316566,Delta,HFP_period_z,All,M3
Period_bin:elevation_z,-0.010847551934835551,0.006888270107405096,5204.5273552616245,-1.5747860878995017,0.11536660949218326,Delta,elevation_z,All,M3
Period_bin,-0.04769366210462225,0.006474510475824415,5208.713474005463,-7.366373455214667,2.0279093192729138e-13,Period,NA,All,M4
mean_temp_z,0.036137933390280985,0.012234984012386074,326.9315304943454,2.95365595522616,0.00336793917666606,Main,NA,All,M4
sen_temp_z,-0.002868198616171376,0.01022093197369014,3852.0266353687066,-0.2806200670892293,0.7790168929854708,Main,NA,All,M4
mean_Q_z,-0.0018054596913914373,0.004445957395963987,4765.519105089894,-0.40609019173922417,0.684694565365799,Main,NA,All,M4
mean_organic_z,-0.007621640564765486,0.005832033341016721,5213.803846032217,-1.3068581949219062,0.19131851320440152,Main,NA,All,M4
mean_salinity_z,0.0017055184886047335,0.005625284623596451,5189.8048274104995,0.30318794562866636,0.7617587873103404,Main,NA,All,M4
HFP_period_z,-0.0029570897119550574,0.006246399394514569,5212.916285597406,-0.4734070822547625,0.6359426014440213,Main,NA,All,M4
elevation_z,0.0013092489794500055,0.006095148183348213,1840.5336238589587,0.21480182926919478,0.8299456232080368,Main,NA,All,M4
C(Protocol)Electrofishing_backpack,-0.05656725340694645,0.04211349314939301,26.057986638772412,-1.3432097215559942,0.19078650650984352,Main,NA,All,M4
C(Protocol)Electrofishing_partialsection,-0.04385588699122646,0.031154190156513047,44.89299784732732,-1.4077042853915436,0.16610564387553065,Main,NA,All,M4
C(Protocol)Electrofishing_wholesection,-0.07335025940629582,0.03266310615681239,57.36344226237184,-2.2456608705292256,0.02859449582906713,Main,NA,All,M4
C(Protocol)Seining,-0.04398264267414248,0.0797385878981415,5168.389504047421,-0.5515854222340398,0.5812562724742751,Main,NA,All,M4
Period_bin:mean_temp_z,-0.03367441436215466,0.00871151958068586,5211.793912207743,-3.8655040662266944,1.1220842357096732e-4,Delta,mean_temp_z,All,M4
Period_bin:sen_temp_z,0.007936723521325453,0.011419211858925337,4077.1748991516624,0.6950325135724715,0.48707453270331424,Delta,sen_temp_z,All,M4
Period_bin:mean_Q_z,-0.014279951230182063,0.0064347562738634,5214.654698622719,-2.2191906923008355,0.02651662953619432,Delta,mean_Q_z,All,M4
Period_bin:mean_organic_z,-0.010174203332970925,0.008088653041810194,5212.252831065118,-1.2578365372306781,0.20850722691746273,Delta,mean_organic_z,All,M4
Period_bin:mean_salinity_z,0.0035794765906610984,0.007288178132406363,5187.574406336637,0.4911346190545497,0.6233520140735169,Delta,mean_salinity_z,All,M4
Period_bin:HFP_period_z,-0.006381938796358012,0.007995103184122757,5193.662964565212,-0.7982309482924146,0.4247729774520519,Delta,HFP_period_z,All,M4
Period_bin:elevation_z,-0.010847551622081123,0.006888270100728114,5204.527361743947,-1.5747860440220687,0.115366619623536,Delta,elevation_z,All,M4
Period_bin,-0.045930886516997976,0.006393462635684922,4923.2274013662645,-7.184039249816851,7.781254722727904e-13,Period,NA,All,M5
mean_temp_z,0.027349394318790295,0.006408740213249987,17.30605787449541,4.267514895087459,5.015627213552237e-4,Main,NA,All,M5
sen_temp_z,-0.0010221731821614427,0.009253545836762784,2432.657417918424,-0.1104628647432123,0.9120514111692942,Main,NA,All,M5
mean_Q_z,0.0011938313240250679,0.004245717873891193,2035.293757399979,0.2811847983038316,0.7785972458690538,Main,NA,All,M5
mean_organic_z,-0.005799281502236855,0.005709129165130081,1614.494027399262,-1.0157909086481003,0.30988116400948446,Main,NA,All,M5
mean_salinity_z,0.002585777690924518,0.005642393999327094,5209.379263027061,0.45827669801734783,0.6467727789669729,Main,NA,All,M5
HFP_period_z,-4.622349550698594e-6,0.00612802621968406,924.6842413306555,-7.54296634020751e-4,0.9993983211119877,Main,NA,All,M5
elevation_z,0.004362422132589647,0.005185836809090083,337.1314817542245,0.841218552219557,0.4008217771288747,Main,NA,All,M5
Period_bin:mean_temp_z,-0.03363862063192911,0.008608888021098363,5094.571900003662,-3.907429223087668,9.449269683586259e-5,Delta,mean_temp_z,All,M5
Period_bin:sen_temp_z,0.008048001225930796,0.01036182496637842,1185.1354905299556,0.7766972760150441,0.4374923816790659,Delta,sen_temp_z,All,M5
Period_bin:mean_Q_z,-0.014519201514943599,0.006406363543519341,5213.4030444236705,-2.2663717749254464,0.023469438822242176,Delta,mean_Q_z,All,M5
Period_bin:mean_organic_z,-0.009822313876434426,0.008037709049939175,4806.623539689763,-1.222029040290872,0.22175656961425538,Delta,mean_organic_z,All,M5
Period_bin:mean_salinity_z,0.0031551870977160135,0.00730780738921232,5213.9299716907335,0.4317556456637945,0.6659368718144363,Delta,mean_salinity_z,All,M5
Period_bin:HFP_period_z,-0.005569177239427286,0.008016305901765622,5211.761442912087,-0.6947311277381086,0.48725478590842775,Delta,HFP_period_z,All,M5
Period_bin:elevation_z,-0.010015667806464183,0.006883938136158693,5208.9646546749855,-1.4549328608657466,0.14574810573769062,Delta,elevation_z,All,M5
Period_bin,-0.046878617872066874,0.006420123787162618,5214.999999943228,-7.301824610578878,3.2668191702492516e-13,Period,NA,All,M6
mean_temp_z,0.02965177504784781,0.007978712091995611,5214.999999966261,3.7163610750656124,2.0422990283806616e-4,Main,NA,All,M6
sen_temp_z,-0.0025645647307412267,0.009334239547908236,5214.999999910752,-0.2747481160707875,0.7835206451998972,Main,NA,All,M6
mean_Q_z,0.0015937402072053726,0.0042871902339543435,5214.999999957888,0.3717446906328125,0.7100980505509219,Main,NA,All,M6
mean_organic_z,-0.006929873364018657,0.005767897976313575,5214.999999975077,-1.2014556069606024,0.22962907658363596,Main,NA,All,M6
mean_salinity_z,0.0024376357601819066,0.005640248780496157,5214.999999948621,0.4321858582924909,0.6656242055408959,Main,NA,All,M6
HFP_period_z,-0.002451623332549816,0.006230963048780974,5214.999999964965,-0.39345817225307594,0.6939971960712563,Main,NA,All,M6
elevation_z,0.005466893692292954,0.0054990483291518545,5214.999999980086,0.9941526906231319,0.32019466110559264,Main,NA,All,M6
C(Protocol)Electrofishing_backpack,-0.015869233031644645,0.012963325941100163,5214.999999946225,-1.2241636987103224,0.22094578019099034,Main,NA,All,M6
C(Protocol)Electrofishing_partialsection,-0.005980796872781757,0.011899393128691283,5214.999999962897,-0.5026136045846848,0.6152571855778188,Main,NA,All,M6
C(Protocol)Electrofishing_wholesection,-0.04394499362827498,0.0159647378319847,5214.999999942191,-2.7526285799841315,0.005932344720413958,Main,NA,All,M6
C(Protocol)Seining,-0.04175394480167279,0.08017175552748834,5214.999999939287,-0.5208061682939785,0.6025239171296899,Main,NA,All,M6
Period_bin:mean_temp_z,-0.03496588682988202,0.008633206611588113,5214.999999934177,-4.050162170675758,5.192507723089259e-5,Delta,mean_temp_z,All,M6
Period_bin:sen_temp_z,0.009815100259044569,0.010511646726735952,5214.999999940194,0.9337357422867204,0.35048345266560876,Delta,sen_temp_z,All,M6
Period_bin:mean_Q_z,-0.014436069942476726,0.006406928465594507,5214.999999963216,-2.253196679188642,0.024288129481944677,Delta,mean_Q_z,All,M6
Period_bin:mean_organic_z,-0.010043747924264192,0.008055468717801023,5214.9999999532165,-1.246823527732093,0.21251820742746133,Delta,mean_organic_z,All,M6
Period_bin:mean_salinity_z,0.0029002802456394817,0.007305465053798778,5214.999999929496,0.39700145360785233,0.6913826345838398,Delta,mean_salinity_z,All,M6
Period_bin:HFP_period_z,-0.0051223924570373966,0.008017775917437985,5214.999999973261,-0.6388794735328817,0.5229293999245972,Delta,HFP_period_z,All,M6
Period_bin:elevation_z,-0.010462387541540684,0.006887251534124818,5214.999999988775,-1.519094734626992,0.12879927173612063,Delta,elevation_z,All,M6
Period_bin,0.5702558027779646,0.31102125140849696,1065.6814396206903,1.83349465734413,0.06700782271686515,Period,NA,Cold,M1
mean_temp_z,0.004505511525231455,0.032541193712972344,334.40195975382784,0.13845563149809592,0.8899636702900944,Main,NA,Cold,M1
sen_temp_z,0.020400985450456297,0.024409699808611563,1033.4696976997789,0.8357737133358346,0.40347539995151693,Main,NA,Cold,M1
mean_Q_z,-0.01806157970798335,0.00925214643226537,1069.9185073269284,-1.9521502215957693,0.05118092263683452,Main,NA,Cold,M1
mean_organic_z,-0.9887602819772157,0.35115720512461457,996.0521915802071,-2.815719761826718,0.004962839251226642,Main,NA,Cold,M1
mean_salinity_z,0.44390658824221185,0.20688389990545958,1058.2642507125408,2.145679719132641,0.03212551179203528,Main,NA,Cold,M1
HFP_period_z,-0.0012241576951495586,0.010947481940788347,1072.4202077496113,-0.11182093761566918,0.9109863109746543,Main,NA,Cold,M1
elevation_z,0.005595831817355368,0.008823156084262379,419.8537609759971,0.6342211068142045,0.5262819300023183,Main,NA,Cold,M1
Period_bin:mean_temp_z,0.007417216282891605,0.028340528875083027,1062.51958170437,0.2617176382129134,0.7935898659980133,Delta,mean_temp_z,Cold,M1
Period_bin:sen_temp_z,-0.007556688819897138,0.027188097017532855,1026.960074871392,-0.2779410716029164,0.7811135404752569,Delta,sen_temp_z,Cold,M1
Period_bin:mean_Q_z,0.007817853043656457,0.01239276267239393,1058.5355210670716,0.6308402129794252,0.5282811829830167,Delta,mean_Q_z,Cold,M1
Period_bin:mean_organic_z,0.8580113748768564,0.42032719885990283,1066.7692445924333,2.0412939662342335,0.04146728602740628,Delta,mean_organic_z,Cold,M1
Period_bin:mean_salinity_z,-0.24661348052013662,0.25482282077153356,1060.8597815309365,-0.967784124567253,0.3333727710305051,Delta,mean_salinity_z,Cold,M1
Period_bin:HFP_period_z,-0.0017741444857292687,0.015290545438644321,1058.4433926202591,-0.11602885540272569,0.9076516824762498,Delta,HFP_period_z,Cold,M1
Period_bin:elevation_z,-0.009240088126907731,0.010509329057817351,1063.0832191918023,-0.8792272157502294,0.37947678079056413,Delta,elevation_z,Cold,M1
Period_bin,0.5807150446498884,0.3092651774750569,928.8624379462295,1.8777252886698657,0.06073189213553308,Period,NA,Cold,M2
mean_temp_z,0.005239039999505885,0.032580622773965784,321.65477779430586,0.16080232829963728,0.8723500357280305,Main,NA,Cold,M2
sen_temp_z,0.020713493823588936,0.024318302063888048,972.2917936546368,0.8517656277634554,0.3945539264567012,Main,NA,Cold,M2
mean_Q_z,-0.018083094008683118,0.009255763973834112,1067.8995325791577,-1.9537116611663519,0.05099611406281349,Main,NA,Cold,M2
mean_organic_z,-1.0052212881820672,0.35064609324533696,987.4978536076864,-2.866768823455115,0.004234977129234727,Main,NA,Cold,M2
mean_salinity_z,0.4381811315481409,0.20685609288755943,1056.4465794279292,2.1182897029111083,0.03438351979118303,Main,NA,Cold,M2
HFP_period_z,-0.001208938659953633,0.010945785635444365,1072.47410122513,-0.11044786552724718,0.9120748581903474,Main,NA,Cold,M2
elevation_z,0.005803978933256731,0.008822229364083245,415.61150916672244,0.6578812104892318,0.5109786779905934,Main,NA,Cold,M2
Period_bin:mean_temp_z,0.0068851479117604366,0.028035177592000363,688.3492545315481,0.24558959504237504,0.8060731487693129,Delta,mean_temp_z,Cold,M2
Period_bin:sen_temp_z,-0.008886559102383892,0.02712566922595919,1003.9407565556547,-0.3276069994202937,0.7432771314470861,Delta,sen_temp_z,Cold,M2
Period_bin:mean_Q_z,0.007883374390580008,0.01224107793561023,621.8679262173639,0.6440098194005178,0.5198065138906747,Delta,mean_Q_z,Cold,M2
Period_bin:mean_organic_z,0.8736810511695974,0.4175221884831835,884.0954052439616,2.0925380141917573,0.03667503034393121,Delta,mean_organic_z,Cold,M2
Period_bin:mean_salinity_z,-0.24472078186698126,0.25261337235088627,786.0951821223846,-0.9687562443331701,0.33296478225845694,Delta,mean_salinity_z,Cold,M2
Period_bin:HFP_period_z,-0.0016025986364042262,0.015135073026725749,714.4968418274506,-0.10588641584842917,0.9157021921950952,Delta,HFP_period_z,Cold,M2
Period_bin:elevation_z,-0.009239590468809766,0.01038012021555384,621.1564496028583,-0.8901236476013953,0.3737441117607442,Delta,elevation_z,Cold,M2
Period_bin,0.5894017924032395,0.31216034775853174,1061.4496030553535,1.888137928585231,0.05927996629040728,Period,NA,Cold,M3
mean_temp_z,-0.004760068058187104,0.034135604337311526,311.9536720533299,-0.1394458410974774,0.8891878330966014,Main,NA,Cold,M3
sen_temp_z,0.020497768934846207,0.024444841647100403,1032.72749020305,0.8385314673240115,0.4019263204723119,Main,NA,Cold,M3
mean_Q_z,-0.018721338991572255,0.00927457532361015,1070.2848726627415,-2.018565631130691,0.04378141333946624,Main,NA,Cold,M3
mean_organic_z,-1.0846953014722287,0.3685662153797611,1072.9363643157662,-2.943013375098927,0.0033202874955314664,Main,NA,Cold,M3
mean_salinity_z,0.4603105967524977,0.2077144858187388,1062.7015187687505,2.21607364040169,0.02689769268370808,Main,NA,Cold,M3
HFP_period_z,-0.0021354858832476125,0.010999861489785276,1070.0856624141602,-0.19413752484344224,0.8461050469566115,Main,NA,Cold,M3
elevation_z,2.073389670220174e-4,0.01068214423152172,712.488837593185,0.019409864024320614,0.9845195756668975,Main,NA,Cold,M3
C(Protocol)Electrofishing_partialsection,0.18989227807915973,0.18572505647801327,208.64791254996837,1.0224375842450735,0.30775782651039923,Main,NA,Cold,M3
C(Protocol)Electrofishing_wholesection,0.0710335724768179,0.14253352798859426,200.84539705418985,0.49836395323423205,0.6187728437595434,Main,NA,Cold,M3
Period_bin:mean_temp_z,0.007477047549007246,0.028346103923358897,1063.5394510370118,0.2637769045518001,0.7920029310641025,Delta,mean_temp_z,Cold,M3
Period_bin:sen_temp_z,-0.007023368074387593,0.027232754366032896,1024.3144099766678,-0.25790149538262497,0.7965347353015174,Delta,sen_temp_z,Cold,M3
Period_bin:mean_Q_z,0.007908445383005051,0.012388333507661156,1059.1137968689795,0.6383784693973837,0.5233653515607204,Delta,mean_Q_z,Cold,M3
Period_bin:mean_organic_z,0.8774699643245237,0.4215916509679697,1063.327957420396,2.081326711071869,0.03764282135763857,Delta,mean_organic_z,Cold,M3
Period_bin:mean_salinity_z,-0.24116344095494585,0.25487014407996855,1062.7234298594512,-0.9462208365970003,0.3442510507430818,Delta,mean_salinity_z,Cold,M3
Period_bin:HFP_period_z,-0.0017006095254527116,0.0152954761448914,1059.6589718017738,-0.11118382385374156,0.9114916337908493,Delta,HFP_period_z,Cold,M3
Period_bin:elevation_z,-0.009161091649437528,0.010562075180795025,1066.0582393655018,-0.8673571710694788,0.38594152934528125,Delta,elevation_z,Cold,M3
Period_bin,0.5998376788455547,0.3104104261876396,924.3907010599871,1.9324018404039034,0.05361517462732719,Period,NA,Cold,M4
mean_temp_z,-0.004117784388553735,0.034187287066844964,298.1671361306501,-0.12044782554703463,0.9042095300071806,Main,NA,Cold,M4
sen_temp_z,0.02081945882471866,0.024354335808743,971.7999027206231,0.854856358564484,0.39284136721531093,Main,NA,Cold,M4
mean_Q_z,-0.01874951493771778,0.0092784906591049,1068.0309769636626,-2.020750532234362,0.04355475281081448,Main,NA,Cold,M4
mean_organic_z,-1.1015492888618321,0.36809520718280836,1065.196293999236,-2.9925662365790218,0.0028301838309688397,Main,NA,Cold,M4
mean_salinity_z,0.4550678206612624,0.20772212970904758,1061.2165453066264,2.1907527199854306,0.02868661029096265,Main,NA,Cold,M4
HFP_period_z,-0.0021359180898904563,0.010999146288710715,1070.091122927648,-0.19418944287364523,0.8460644059013555,Main,NA,Cold,M4
elevation_z,3.388588890307129e-4,0.010710357234703196,680.7101827797882,0.031638430129366575,0.9747696699690356,Main,NA,Cold,M4
C(Protocol)Electrofishing_partialsection,0.19059265579226278,0.18728915712594785,198.16721476423635,1.017638493957733,0.310090586363053,Main,NA,Cold,M4
C(Protocol)Electrofishing_wholesection,0.07308739232332505,0.14326490323333643,199.79522721109154,0.5101555975945286,0.610505578300641,Main,NA,Cold,M4
Period_bin:mean_temp_z,0.0069631254369319755,0.028043361475853422,687.6877601003306,0.2482985302217616,0.8039775628410626,Delta,mean_temp_z,Cold,M4
Period_bin:sen_temp_z,-0.008362938306061817,0.02717060316211034,1001.3185117480346,-0.3077936200446228,0.7583033864140097,Delta,sen_temp_z,Cold,M4
Period_bin:mean_Q_z,0.007974539848734424,0.012238352087962916,622.0347280396397,0.6516024209319666,0.5148983507647046,Delta,mean_Q_z,Cold,M4
Period_bin:mean_organic_z,0.8932209333897139,0.4188054568765724,880.9807714332023,2.1327824619366362,0.033218453860502546,Delta,mean_organic_z,Cold,M4
Period_bin:mean_salinity_z,-0.23954404024284803,0.2526802879371198,786.2641827286475,-0.9480123764243108,0.3434144257839865,Delta,mean_salinity_z,Cold,M4
Period_bin:HFP_period_z,-0.0015291893764721807,0.015141240715050557,713.7558136219852,-0.10099498483979255,0.9195828039336216,Delta,HFP_period_z,Cold,M4
Period_bin:elevation_z,-0.009139636084904626,0.010432276434455288,616.5224788071537,-0.8760922069433107,0.3813211186798954,Delta,elevation_z,Cold,M4
Period_bin,0.6641342962243835,0.31307759879719893,932.6269253534455,2.1213088984197404,0.03415905842801012,Period,NA,Cold,M5
mean_temp_z,-0.012466915771667956,0.021871413661391764,1072.9633961575203,-0.5700096008734461,0.5687905146423113,Main,NA,Cold,M5
sen_temp_z,0.03301311415498423,0.02254906175826145,1067.5581856864185,1.4640571084022596,0.1434727329316856,Main,NA,Cold,M5
mean_Q_z,-0.016594970646468688,0.009343635663250778,1071.8396175220232,-1.7760721034680276,0.07600467476142161,Main,NA,Cold,M5
mean_organic_z,-1.0804779427673503,0.33537911202612514,1069.644788582062,-3.2216614095012095,0.0013129385017011989,Main,NA,Cold,M5
mean_salinity_z,0.6989992551994652,0.20039985350088307,1071.7181427061112,3.4880227853878396,5.063518115213208e-4,Main,NA,Cold,M5
HFP_period_z,-0.006919057396786651,0.011097387776729693,1072.957012760449,-0.6234852323801231,0.5330982170514403,Main,NA,Cold,M5
elevation_z,0.0111559530716466,0.007730338204153018,1071.653115011263,1.4431390680492113,0.14927353003191435,Main,NA,Cold,M5
Period_bin:mean_temp_z,0.0055513210039301155,0.0281942442131737,685.589258464645,0.19689554229427694,0.843967636122115,Delta,mean_temp_z,Cold,M5
Period_bin:sen_temp_z,-0.010851470810219744,0.025125457173851538,1072.492110440969,-0.43189147704396963,0.6659071007385609,Delta,sen_temp_z,Cold,M5
Period_bin:mean_Q_z,0.006754992133639187,0.012282538018284451,616.9437068525323,0.5499671259786324,0.5825409630726506,Delta,mean_Q_z,Cold,M5
Period_bin:mean_organic_z,1.0403999999424216,0.4209777993281664,886.3278891622625,2.4713892314577723,0.013645901033069214,Delta,mean_organic_z,Cold,M5
Period_bin:mean_salinity_z,-0.37250537211260737,0.25414344629780505,785.6103104613549,-1.4657288139396123,0.1431222925380678,Delta,mean_salinity_z,Cold,M5
Period_bin:HFP_period_z,0.0021237723874518817,0.015271251319999344,708.8821640917573,0.1390699650571904,0.8894343605189172,Delta,HFP_period_z,Cold,M5
Period_bin:elevation_z,-0.009659994941003428,0.010432214770462777,618.636959858545,-0.925977383858529,0.3548188128498424,Delta,elevation_z,Cold,M5
Period_bin,0.6728132632292744,0.3154409104904111,926.1800374059911,2.132929625974202,0.0331928679638314,Period,NA,Cold,M6
mean_temp_z,-0.01286580088532228,0.02194106935038466,1072.6746046985375,-0.5863798468462852,0.5577436534404357,Main,NA,Cold,M6
sen_temp_z,0.03306211918259113,0.022616243511569382,1067.3669892537862,1.461874920372083,0.14406983101846432,Main,NA,Cold,M6
mean_Q_z,-0.016736231714534776,0.009348654149536145,1071.6921608234095,-1.790228994123735,0.07369931291899127,Main,NA,Cold,M6
mean_organic_z,-1.1187968769610597,0.359525435359614,1060.3477616576317,-3.1118712806563664,0.0019087819496877443,Main,NA,Cold,M6
mean_salinity_z,0.7050593544960208,0.20135803086347384,1072.1077236222125,3.5015209051883804,4.81651848648229e-4,Main,NA,Cold,M6
HFP_period_z,-0.007355767611041597,0.011184863041370268,1072.9019869662784,-0.6576537936883342,0.5109016859096212,Main,NA,Cold,M6
elevation_z,0.009697550481262628,0.008914172521384668,1037.9680011242094,1.0878800537008537,0.2769006009112345,Main,NA,Cold,M6
C(Protocol)Electrofishing_partialsection,0.09841990057603295,0.1588442770121351,604.9303640065515,0.6195999152586028,0.5357545163604234,Main,NA,Cold,M6
C(Protocol)Electrofishing_wholesection,-0.011853305989713434,0.12360447845731333,779.0840853158668,-0.09589705921381288,0.9236269911563695,Main,NA,Cold,M6
Period_bin:mean_temp_z,0.005038527780737188,0.028205307522022622,684.5587478979431,0.17863757652006168,0.858275140757124,Delta,mean_temp_z,Cold,M6
Period_bin:sen_temp_z,-0.010754841155563721,0.02522820303440685,1072.7172604912446,-0.42630230702107486,0.6699731054220088,Delta,sen_temp_z,Cold,M6
Period_bin:mean_Q_z,0.0067390967337367935,0.012283475553715494,616.3232599190326,0.5486311023510246,0.5834573164468504,Delta,mean_Q_z,Cold,M6
Period_bin:mean_organic_z,1.051767387344282,0.42471087321205236,878.6709907513083,2.4764315059556976,0.013457622102529026,Delta,mean_organic_z,Cold,M6
Period_bin:mean_salinity_z,-0.3708869071771035,0.25427982209486866,784.5951791690371,-1.4585778144784534,0.14508153077559346,Delta,mean_salinity_z,Cold,M6
Period_bin:HFP_period_z,0.002053392011297735,0.015279901378413448,707.0438745632761,0.13438516129421144,0.89313625836504,Delta,HFP_period_z,Cold,M6
Period_bin:elevation_z,-0.009901557121061026,0.010471448479929688,615.7269695803773,-0.9455766449158437,0.344735473050806,Delta,elevation_z,Cold,M6
Period_bin,-0.04346636775374231,0.009397713624743917,3078.999999962444,-4.625206671471301,3.89649483396304e-6,Period,NA,Intermediate,M1
mean_temp_z,0.06628601223768903,0.018659099258675472,3078.9999999367164,3.552476532695951,3.8734908766846943e-4,Main,NA,Intermediate,M1
sen_temp_z,-0.02435900052477762,0.012988126807289776,3078.999999939979,-1.8754821912506872,0.060820976577568304,Main,NA,Intermediate,M1
mean_Q_z,0.005541903260260426,0.005333246776664736,3078.999999937618,1.0391237256278207,0.2988287900149097,Main,NA,Intermediate,M1
mean_organic_z,-0.01136507891360546,0.0067499334641820405,3078.9999999431084,-1.6837319914208493,0.0923348419737978,Main,NA,Intermediate,M1
mean_salinity_z,0.007997611545255329,0.007861950762758006,3078.9999999627917,1.0172553589549234,0.30911189200315436,Main,NA,Intermediate,M1
HFP_period_z,0.010575018169955451,0.008555067086269864,3078.9999999359693,1.236111659127423,0.2165113520585638,Main,NA,Intermediate,M1
elevation_z,-0.009418517888814771,0.007443508771179127,3078.999999943377,-1.2653330812590393,0.20584769888383367,Main,NA,Intermediate,M1
Period_bin:mean_temp_z,-0.06839948968960821,0.02588878848814625,3078.9999999259358,-2.6420506205196284,0.008282273114304881,Delta,mean_temp_z,Intermediate,M1
Period_bin:sen_temp_z,0.03492101366286936,0.014630031961060956,3078.999999927044,2.3869403536379505,0.017049266614481157,Delta,sen_temp_z,Intermediate,M1
Period_bin:mean_Q_z,-0.032551161422898614,0.009035573125785413,3078.999999953239,-3.6025563591539322,3.20086649887349e-4,Delta,mean_Q_z,Intermediate,M1
Period_bin:mean_organic_z,-0.0032564128584454378,0.009795862282168081,3078.9999999425195,-0.33242738256674514,0.7395891941782919,Delta,mean_organic_z,Intermediate,M1
Period_bin:mean_salinity_z,-0.0129173523042788,0.010537861041852564,3078.999999944986,-1.2258040083253858,0.22036618595528373,Delta,mean_salinity_z,Intermediate,M1
Period_bin:HFP_period_z,-0.014686111287803467,0.011383679982585243,3078.999999935259,-1.2901022613311586,0.1971120358876283,Delta,HFP_period_z,Intermediate,M1
Period_bin:elevation_z,-0.0031594900037451553,0.00985410244878437,3078.9999999422316,-0.32062686786201605,0.7485149324588423,Delta,elevation_z,Intermediate,M1
Period_bin,-0.04346636775374237,0.00939771362474392,3078.999999934885,-4.6252066714713065,3.896494833964343e-6,Period,NA,Intermediate,M2
mean_temp_z,0.06628601223769007,0.018659099258675347,3078.9999999453894,3.5524765326960304,3.873490876683356e-4,Main,NA,Intermediate,M2
sen_temp_z,-0.02435900052477715,0.012988126807289658,3078.9999999527627,-1.875482191250668,0.060820976577570476,Main,NA,Intermediate,M2
mean_Q_z,0.005541903260260502,0.0053332467766647055,3078.999999943709,1.039123725627841,0.2988287900149002,Main,NA,Intermediate,M2
mean_organic_z,-0.011365078913605378,0.0067499334641820345,3078.9999999471265,-1.6837319914208388,0.09233484197379968,Main,NA,Intermediate,M2
mean_salinity_z,0.007997611545255287,0.007861950762758007,3078.999999923321,1.0172553589549178,0.30911189200315803,Main,NA,Intermediate,M2
HFP_period_z,0.010575018169955801,0.008555067086269841,3078.9999999365473,1.2361116591274672,0.2165113520585475,Main,NA,Intermediate,M2
elevation_z,-0.00941851788881451,0.0074435087711790665,3078.9999999486745,-1.2653330812590144,0.20584769888384227,Main,NA,Intermediate,M2
Period_bin:mean_temp_z,-0.06839948968960814,0.02588878848814624,3078.999999930527,-2.6420506205196266,0.008282273114304866,Delta,mean_temp_z,Intermediate,M2
Period_bin:sen_temp_z,0.03492101366286867,0.01463003196106073,3078.999999951641,2.3869403536379408,0.017049266614481126,Delta,sen_temp_z,Intermediate,M2
Period_bin:mean_Q_z,-0.03255116142289864,0.009035573125785415,3078.9999999234515,-3.602556359153935,3.2008664988739403e-4,Delta,mean_Q_z,Intermediate,M2
Period_bin:mean_organic_z,-0.00325641285844516,0.009795862282168057,3078.999999946705,-0.3324273825667176,0.7395891941783128,Delta,mean_organic_z,Intermediate,M2
Period_bin:mean_salinity_z,-0.012917352304278752,0.010537861041852567,3078.999999951971,-1.225804008325381,0.22036618595528543,Delta,mean_salinity_z,Intermediate,M2
Period_bin:HFP_period_z,-0.014686111287803482,0.011383679982585252,3078.9999999350107,-1.290102261331159,0.19711203588762824,Delta,HFP_period_z,Intermediate,M2
Period_bin:elevation_z,-0.0031594900037452515,0.009854102448784369,3078.9999999459415,-0.3206268678620259,0.7485149324588349,Delta,elevation_z,Intermediate,M2
Period_bin,-0.04298401264633065,0.009435532727022659,3078.999999959647,-4.555546982866972,5.427930444661567e-6,Period,NA,Intermediate,M3
mean_temp_z,0.05283458824320917,0.02169147620511711,3078.999999968547,2.4357304105815203,0.014918121774357402,Main,NA,Intermediate,M3
sen_temp_z,-0.02208777889657028,0.013455912329308798,3078.9999999829242,-1.6414924797377066,0.10079735567975755,Main,NA,Intermediate,M3
mean_Q_z,0.0045898123761936626,0.0055461488123594235,3079.000000003108,0.8275674763658353,0.4079796281725624,Main,NA,Intermediate,M3
mean_organic_z,-0.012511324783411498,0.006806907558856571,3078.9999999832094,-1.8380335967884303,0.06615373882502784,Main,NA,Intermediate,M3
mean_salinity_z,0.008029389348110998,0.007862840015062185,3078.9999999870433,1.021181829050288,0.3072485270462388,Main,NA,Intermediate,M3
HFP_period_z,0.008587968887318312,0.008714063041322578,3078.9999999948486,0.9855298092971877,0.3244413324986135,Main,NA,Intermediate,M3
elevation_z,-0.014371797243233073,0.009357500847730207,3078.999999993169,-1.5358585029376892,0.1246758343788833,Main,NA,Intermediate,M3
C(Protocol)Electrofishing_backpack,-0.015727249603699884,0.015298698690567695,3078.9999999681822,-1.0280122461262937,0.30402481740980436,Main,NA,Intermediate,M3
C(Protocol)Electrofishing_partialsection,0.017966569404825296,0.02302324918700553,3078.9999999839774,0.7803663704845684,0.43523524288364435,Main,NA,Intermediate,M3
C(Protocol)Electrofishing_wholesection,0.010917990511830932,0.037616883403040424,3078.9999999681154,0.29024176178690214,0.7716508346709228,Main,NA,Intermediate,M3
C(Protocol)Seining,-0.043469599926115404,0.08327780509538601,3078.9999999825254,-0.5219830166792403,0.6017197033128671,Main,NA,Intermediate,M3
Period_bin:mean_temp_z,-0.06487891739885038,0.026058578631516664,3078.999999960666,-2.489733546724697,0.01283627029589926,Delta,mean_temp_z,Intermediate,M3
Period_bin:sen_temp_z,0.03210471794833884,0.015555962907738526,3078.999999966288,2.063820680130827,0.039118331394533565,Delta,sen_temp_z,Intermediate,M3
Period_bin:mean_Q_z,-0.03181703798632666,0.009052519212650606,3078.999999972284,-3.514716427429766,4.4656927909651533e-4,Delta,mean_Q_z,Intermediate,M3
Period_bin:mean_organic_z,-0.003429290537428216,0.009869189467768857,3078.999999965326,-0.34747438466225744,0.7282587089786912,Delta,mean_organic_z,Intermediate,M3
Period_bin:mean_salinity_z,-0.012814102089413477,0.010542948818182879,3078.999999981044,-1.2154191688110692,0.2242994460654831,Delta,mean_salinity_z,Intermediate,M3
Period_bin:HFP_period_z,-0.014606400158865631,0.011384502786825734,3078.999999950752,-1.2830072979356033,0.19958608477548845,Delta,HFP_period_z,Intermediate,M3
Period_bin:elevation_z,-0.0037199875348828855,0.009985633231527092,3078.999999976769,-0.37253396440978553,0.70952096903423445,Delta,elevation_z,Intermediate,M3
Period_bin,-0.04298401264633065,0.009435532727022659,3078.999999959648,-4.555546982866972,5.427930444661567e-6,Period,NA,Intermediate,M4
mean_temp_z,0.05283458824320917,0.02169147620511711,3078.9999999685483,2.4357304105815203,0.014918121774357402,Main,NA,Intermediate,M4
sen_temp_z,-0.02208777889657028,0.013455912329308798,3078.999999982925,-1.6414924797377066,0.10079735567975757,Main,NA,Intermediate,M4
mean_Q_z,0.0045898123761936626,0.0055461488123594235,3079.00000000311,0.8275674763658353,0.4079796281725627,Main,NA,Intermediate,M4
mean_organic_z,-0.012511324783411498,0.006806907558856571,3078.9999999832107,-1.8380335967884303,0.06615373882502784,Main,NA,Intermediate,M4
mean_salinity_z,0.008029389348110998,0.007862840015062185,3078.9999999870442,1.021181829050288,0.3072485270462388,Main,NA,Intermediate,M4
HFP_period_z,0.008587968887318312,0.008714063041322578,3078.9999999948495,0.9855298092971877,0.3244413324986135,Main,NA,Intermediate,M4
elevation_z,-0.014371797243233073,0.009357500847730207,3078.99999999317,-1.5358585029376892,0.12467583437888312,Main,NA,Intermediate,M4
C(Protocol)Electrofishing_backpack,-0.015727249603699884,0.015298698690567695,3078.999999968183,-1.0280122461262937,0.30402481740980436,Main,NA,Intermediate,M4
C(Protocol)Electrofishing_partialsection,0.017966569404825296,0.02302324918700553,3078.9999999839783,0.7803663704845684,0.4352352428836449,Main,NA,Intermediate,M4
C(Protocol)Electrofishing_wholesection,0.010917990511830932,0.037616883403040424,3078.9999999681168,0.29024176178690214,0.7716508346709227,Main,NA,Intermediate,M4
C(Protocol)Seining,-0.043469599926115404,0.08327780509538601,3078.999999982526,-0.5219830166792403,0.6017197033128674,Main,NA,Intermediate,M4
Period_bin:mean_temp_z,-0.06487891739885038,0.026058578631516664,3078.999999960667,-2.489733546724697,0.012836270295899255,Delta,mean_temp_z,Intermediate,M4
Period_bin:sen_temp_z,0.03210471794833884,0.015555962907738526,3078.9999999662896,2.063820680130827,0.039118331394533565,Delta,sen_temp_z,Intermediate,M4
Period_bin:mean_Q_z,-0.03181703798632666,0.009052519212650606,3078.999999972285,-3.514716427429766,4.465692790965145e-4,Delta,mean_Q_z,Intermediate,M4
Period_bin:mean_organic_z,-0.003429290537428216,0.009869189467768857,3078.9999999653273,-0.34747438466225744,0.7282587089786914,Delta,mean_organic_z,Intermediate,M4
Period_bin:mean_salinity_z,-0.012814102089413477,0.010542948818182879,3078.999999981045,-1.2154191688110692,0.2242994460654831,Delta,mean_salinity_z,Intermediate,M4
Period_bin:HFP_period_z,-0.014606400158865631,0.011384502786825734,3078.999999950753,-1.2830072979356033,0.19958608477548836,Delta,HFP_period_z,Intermediate,M4
Period_bin:elevation_z,-0.0037199875348828855,0.009985633231527092,3078.99999997677,-0.37253396440978553,0.70952096903423445,Delta,elevation_z,Intermediate,M4
Period_bin,-0.043466367753742366,0.009397713624743915,3078.9999999633633,-4.625206671471308,3.896494833962859e-6,Period,NA,Intermediate,M5
mean_temp_z,0.06628601223769033,0.018659099258675302,3078.999999948174,3.552476532696053,3.8734908766829737e-4,Main,NA,Intermediate,M5
sen_temp_z,-0.02435900052477694,0.01298812680728961,3078.999999952104,-1.8754821912506587,0.060820976577571795,Main,NA,Intermediate,M5
mean_Q_z,0.00554190326026052,0.005333246776664694,3078.999999942393,1.0391237256278463,0.2988287900148978,Main,NA,Intermediate,M5
mean_organic_z,-0.011365078913605333,0.006749933464182033,3078.999999944344,-1.6837319914208326,0.09233484197380097,Main,NA,Intermediate,M5
mean_salinity_z,0.007997611545255263,0.007861950762758009,3078.999999963938,1.0172553589549145,0.30911189200315864,Main,NA,Intermediate,M5
HFP_period_z,0.01057501816995591,0.008555067086269831,3078.999999938209,1.2361116591274817,0.2165113520585419,Main,NA,Intermediate,M5
elevation_z,-0.009418517888814402,0.0074435087711790466,3078.9999999300676,-1.2653330812590036,0.20584769888384688,Main,NA,Intermediate,M5
Period_bin:mean_temp_z,-0.0683994896896081,0.025888788488146217,3078.9999999606853,-2.6420506205196275,0.008282273114304427,Delta,mean_temp_z,Intermediate,M5
Period_bin:sen_temp_z,0.03492101366286839,0.014630031961060646,3078.9999999335214,2.386940353637935,0.017049266614481737,Delta,sen_temp_z,Intermediate,M5
Period_bin:mean_Q_z,-0.03255116142289862,0.009035573125785408,3078.999999954311,-3.6025563591539354,3.2008664988734335e-4,Delta,mean_Q_z,Intermediate,M5
Period_bin:mean_organic_z,-0.0032564128584450713,0.009795862282168047,3078.999999944049,-0.3324273825667089,0.7395891941783194,Delta,mean_organic_z,Intermediate,M5
Period_bin:mean_salinity_z,-0.01291735230427873,0.010537861041852564,3078.9999999244433,-1.2258040083253794,0.2203661859552869,Delta,mean_salinity_z,Intermediate,M5
Period_bin:HFP_period_z,-0.01468611128780348,0.011383679982585243,3078.9999999363285,-1.29010226133116,0.19711203588762796,Delta,HFP_period_z,Intermediate,M5
Period_bin:elevation_z,-0.0031594900037452966,0.009854102448784364,3078.9999999432007,-0.32062686786203065,0.7485149324588313,Delta,elevation_z,Intermediate,M5
Period_bin,-0.042984012646330644,0.009435532727022659,3078.999999959645,-4.5555469828669715,5.427930444661582e-6,Period,NA,Intermediate,M6
mean_temp_z,0.05283458824320914,0.02169147620511711,3078.9999999685465,2.435730410581519,0.014918121774357447,Main,NA,Intermediate,M6
sen_temp_z,-0.022087778896570275,0.013455912329308798,3078.999999982924,-1.6414924797377064,0.10079735567975764,Main,NA,Intermediate,M6
mean_Q_z,0.004589812376193661,0.0055461488123594235,3079.0000000031077,0.8275674763658349,0.40797962817256295,Main,NA,Intermediate,M6
mean_organic_z,-0.012511324783411498,0.006806907558856571,3078.999999983209,-1.8380335967884303,0.06615373882502784,Main,NA,Intermediate,M6
mean_salinity_z,0.008029389348110993,0.007862840015062185,3078.9999999870433,1.0211818290502876,0.307248527046239,Main,NA,Intermediate,M6
HFP_period_z,0.008587968887318314,0.008714063041322578,3078.9999999948486,0.9855298092971879,0.3244413324986136,Main,NA,Intermediate,M6
elevation_z,-0.01437179724323308,0.009357500847730207,3078.999999965628,-1.5358585029376899,0.12467583437888392,Main,NA,Intermediate,M6
C(Protocol)Electrofishing_backpack,-0.015727249603699898,0.015298698690567695,3078.9999999681795,-1.0280122461262946,0.30402481740980397,Main,NA,Intermediate,M6
C(Protocol)Electrofishing_partialsection,0.017966569404825314,0.02302324918700553,3078.999999983975,0.7803663704845691,0.4352352428836441,Main,NA,Intermediate,M6
C(Protocol)Electrofishing_wholesection,0.010917990511830953,0.037616883403040424,3078.9999999681127,0.2902417617869027,0.7716508346709223,Main,NA,Intermediate,M6
C(Protocol)Seining,-0.04346959992611541,0.08327780509538601,3078.999999982522,-0.5219830166792404,0.6017197033128674,Main,NA,Intermediate,M6
Period_bin:mean_temp_z,-0.06487891739885036,0.026058578631516664,3078.9999999606644,-2.4897335467246964,0.012836270295899281,Delta,mean_temp_z,Intermediate,M6
Period_bin:sen_temp_z,0.032104717948338836,0.015555962907738526,3078.999999966288,2.0638206801308265,0.039118331394533586,Delta,sen_temp_z,Intermediate,M6
Period_bin:mean_Q_z,-0.03181703798632665,0.009052519212650606,3078.9999999722822,-3.5147164274297658,4.465692790965159e-4,Delta,mean_Q_z,Intermediate,M6
Period_bin:mean_organic_z,-0.0034292905374282145,0.009869189467768857,3078.9999999653246,-0.34747438466225733,0.7282587089786912,Delta,mean_organic_z,Intermediate,M6
Period_bin:mean_salinity_z,-0.012814102089413474,0.010542948818182879,3078.9999999810416,-1.2154191688110687,0.2242994460654833,Delta,mean_salinity_z,Intermediate,M6
Period_bin:HFP_period_z,-0.014606400158865636,0.011384502786825734,3078.99999995075,-1.2830072979356038,0.19958608477548823,Delta,HFP_period_z,Intermediate,M6
Period_bin:elevation_z,-0.003719987534882886,0.009985633231527092,3078.999999976768,-0.3725339644097856,0.7095209690342343,Delta,elevation_z,Intermediate,M6
Period_bin,0.04564531571604416,0.06963807124912358,1059.0135143727211,0.6554649618705317,0.5123107972470682,Period,NA,Warm,M1
mean_temp_z,0.13695846842462547,0.047051931730819216,535.4578450581165,2.9107937418628254,0.003755204299953928,Main,NA,Warm,M1
sen_temp_z,0.03797010729560967,0.02302333617198815,340.5220539935965,1.6492009243129082,0.1000286430770376,Main,NA,Warm,M1
mean_Q_z,-0.0310880876519751,0.012738792006921958,768.2118208936397,-2.4404266617339045,0.01489489903097676,Main,NA,Warm,M1
mean_organic_z,0.05059423639915063,0.020427288418677216,817.6902462168799,2.4767964970275234,0.013457967686930394,Main,NA,Warm,M1
mean_salinity_z,-0.02008875851652652,0.010205220956537793,996.6388783239639,-1.9684785466263732,0.04928981636779884,Main,NA,Warm,M1
HFP_period_z,-0.020634600059445306,0.01514070616281297,689.6729716956481,-1.3628558560977735,0.17337275076823416,Main,NA,Warm,M1
elevation_z,0.016135996350858453,0.014605864856523605,295.2504467901162,1.1047614440750781,0.2701624518391141,Main,NA,Warm,M1
Period_bin:mean_temp_z,-0.12329637288862448,0.05875802791463177,1061.2094613783051,-2.098374933000798,0.03610796256738757,Delta,mean_temp_z,Warm,M1
Period_bin:sen_temp_z,-0.03491072025146048,0.02485346094140609,448.12522480233037,-1.4046623258533344,0.1608144667216631,Delta,sen_temp_z,Warm,M1
Period_bin:mean_Q_z,0.03495955357441092,0.01652014940754099,1059.044034236451,2.1161765981639884,0.03456262606064982,Delta,mean_Q_z,Warm,M1
Period_bin:mean_organic_z,-0.07085916704875345,0.02570486586283465,1061.5973844865161,-2.756644108818521,0.005939868854949973,Delta,mean_organic_z,Warm,M1
Period_bin:mean_salinity_z,0.03481398425637196,0.012397057336913273,1058.4950593257342,2.8082458046483674,0.005072793289204207,Delta,mean_salinity_z,Warm,M1
Period_bin:HFP_period_z,0.005380706660855896,0.018337310388385597,1062.6001401866781,0.2934294368635383,0.7692512249385312,Delta,HFP_period_z,Warm,M1
Period_bin:elevation_z,-0.017284900696688553,0.018543162123119877,1057.130173686182,-0.9321441824173825,0.3514748525989908,Delta,elevation_z,Warm,M1
Period_bin,0.04574808965666063,0.06907709266086859,846.159619347939,0.6622758413018216,0.5079747888894226,Period,NA,Warm,M2
mean_temp_z,0.13724667759481338,0.047001194627015463,517.945000599364,2.920067855380135,0.0036519989922658693,Main,NA,Warm,M2
sen_temp_z,0.038568541950812045,0.022969518937549765,346.93866611620325,1.6791184027699224,0.09402929258379461,Main,NA,Warm,M2
mean_Q_z,-0.03119797230342642,0.012728118285146802,740.3891189846503,-2.4511064090151637,0.014471946912996825,Main,NA,Warm,M2
mean_organic_z,0.05133765961999308,0.02040554100055902,802.626524563301,2.515868587781459,0.012068053628495256,Main,NA,Warm,M2
mean_salinity_z,-0.020314368373163194,0.010201666420467333,990.3464853516176,-1.9912794180769346,0.046724542040166614,Main,NA,Warm,M2
HFP_period_z,-0.020425288738644416,0.015126904644490758,665.5889029130853,-1.35026227894438,0.17739081666266476,Main,NA,Warm,M2
elevation_z,0.016208673970972014,0.014577201375497804,283.47570211689197,1.1119194661203269,0.26711488687638457,Main,NA,Warm,M2
Period_bin:mean_temp_z,-0.12391175741021353,0.05830082844774886,859.7572706956704,-2.12538587717098,0.033838981916675816,Delta,mean_temp_z,Warm,M2
Period_bin:sen_temp_z,-0.03574632428308704,0.02475415094009226,446.3708034038075,-1.4440537415157984,0.14942536147758603,Delta,sen_temp_z,Warm,M2
Period_bin:mean_Q_z,0.035024806991676635,0.01637247600307123,807.5069196449678,2.139249248867826,0.03271475440031427,Delta,mean_Q_z,Warm,M2
Period_bin:mean_organic_z,-0.07139007557052904,0.025486151215063545,827.1577977074836,-2.801132072399149,0.005211212332751643,Delta,mean_organic_z,Warm,M2
Period_bin:mean_salinity_z,0.03505636836168305,0.01226448439936994,730.3557588037249,2.858364625869147,0.004379568943297756,Delta,mean_salinity_z,Warm,M2
Period_bin:HFP_period_z,0.005616824508778336,0.018180665822474046,826.6307844815963,0.3089449288394649,0.7574412665469237,Delta,HFP_period_z,Warm,M2
Period_bin:elevation_z,-0.01697527736576367,0.01835279873921309,747.8658862125105,-0.9249421631532323,0.3552943427038573,Delta,elevation_z,Warm,M2
Period_bin,0.035325441007365524,0.06970772003723713,1062.9999999847043,0.5067651185334285,0.612424731640322,Period,NA,Warm,M3
mean_temp_z,0.14242926754138632,0.046819022201029646,1062.999999972562,3.0421239241142035,0.0024067892458886843,Main,NA,Warm,M3
sen_temp_z,0.03569776066075674,0.02279163784146971,1062.99999997597,1.5662657027571822,0.11758404854554996,Main,NA,Warm,M3
mean_Q_z,-0.030923888081744875,0.012663328952937423,1062.999999980063,-2.442003062281003,0.014768146080537557,Main,NA,Warm,M3
mean_organic_z,0.044834428995789107,0.020527956730133592,1062.9999999768581,2.184066811188048,0.029175303366491306,Main,NA,Warm,M3
mean_salinity_z,-0.02162662950533795,0.010210781223939449,1062.999999976084,-2.118019085026887,0.0344050482229566,Main,NA,Warm,M3
HFP_period_z,-0.02531494872970449,0.015357343065716752,1062.9999999796166,-1.6483937762787095,0.09956738985385032,Main,NA,Warm,M3
elevation_z,0.014411471507363261,0.014494197980040341,1062.9999999808824,0.994292442204046,0.32030678820970043,Main,NA,Warm,M3
C(Protocol)Electrofishing_partialsection,-0.04924473262105136,0.024508922713870493,1062.999999978081,-2.0092573303183974,0.04476226738573393,Main,NA,Warm,M3
C(Protocol)Electrofishing_wholesection,-0.09160995089199017,0.02756410238437228,1062.9999999774539,-3.3235238214732967,9.191908936476267e-4,Main,NA,Warm,M3
Period_bin:mean_temp_z,-0.11963938137361319,0.05870618711624245,1062.9999999779234,-2.037934794448814,0.04180362266349797,Delta,mean_temp_z,Warm,M3
Period_bin:sen_temp_z,-0.02936525830455465,0.024789844930590402,1062.9999999758322,-1.1845680514248895,0.2364530555152429,Delta,sen_temp_z,Warm,M3
Period_bin:mean_Q_z,0.034921615665589927,0.016495844343059857,1062.9999999781762,2.116994737543227,0.034492097763528164,Delta,mean_Q_z,Warm,M3
Period_bin:mean_organic_z,-0.06758067799906707,0.02573030464906085,1062.9999999727752,-2.626501276250289,0.00875081696109658,Delta,mean_organic_z,Warm,M3
Period_bin:mean_salinity_z,0.03518304225694267,0.012383089219519947,1062.9999999834906,2.841216891297389,0.004580010037086944,Delta,mean_salinity_z,Warm,M3
Period_bin:HFP_period_z,0.0064215302254924875,0.018327401177192625,1062.9999999744662,0.3503786578035791,0.7261239570057465,Delta,HFP_period_z,Warm,M3
Period_bin:elevation_z,-0.01567080726972519,0.018518051693671753,1062.9999999744566,-0.8462449251656661,0.39760658198068977,Delta,elevation_z,Warm,M3
Period_bin,0.035586548999543735,0.0692001183845646,855.1067858122469,0.5142556086649915,0.607206166658512,Period,NA,Warm,M4
mean_temp_z,0.1430570311151302,0.04682421735104675,1062.5919242653843,3.055193214285133,0.002305241918891949,Main,NA,Warm,M4
sen_temp_z,0.03627583367135951,0.022780309385367254,1062.0358973980844,1.5924205882234854,0.11158780191984277,Main,NA,Warm,M4
mean_Q_z,-0.0309810459245987,0.012659914582870165,1062.9555561992388,-2.4471765367610323,0.014559048399297251,Main,NA,Warm,M4
mean_organic_z,0.045579839269199694,0.02052357469394086,1062.9868811300569,2.2208528460032917,0.026571084727063345,Main,NA,Warm,M4
mean_salinity_z,-0.02184357175156016,0.0102115477459304,1062.5007921224765,-2.1391048933072327,0.0326545907238125,Main,NA,Warm,M4
HFP_period_z,-0.025379088013044428,0.015362209466271282,1061.797102742011,-1.6520467364258928,0.09882068647605576,Main,NA,Warm,M4
elevation_z,0.014377240420529225,0.014490622257494225,1062.9865365356611,0.9921755025456991,0.3213377125262736,Main,NA,Warm,M4
C(Protocol)Electrofishing_partialsection,-0.0486169215304227,0.024701846897298096,815.0780293792078,-1.9681492534770932,0.04938944509747538,Main,NA,Warm,M4
C(Protocol)Electrofishing_wholesection,-0.0910408242039941,0.027782974747259822,811.7104491663798,-3.2768566012886464,0.0010942858820633108,Main,NA,Warm,M4
Period_bin:mean_temp_z,-0.12038603345198638,0.05828533073099638,860.3456971156746,-2.065460244321211,0.0391784661567949,Delta,mean_temp_z,Warm,M4
Period_bin:sen_temp_z,-0.030169757938890433,0.024733913794558384,1039.3082632596431,-1.2197729073321169,0.22282769682863024,Delta,sen_temp_z,Warm,M4
Period_bin:mean_Q_z,0.03499030641491058,0.016359841036113536,808.8854787394569,2.13879256758493,0.03275135083428937,Delta,mean_Q_z,Warm,M4
Period_bin:mean_organic_z,-0.06801580539356313,0.025530865110955342,831.9243328687606,-2.664061914783194,0.007869737242107233,Delta,mean_organic_z,Warm,M4
Period_bin:mean_salinity_z,0.03539893073677615,0.012260818335158968,731.0323752635676,2.887158896667331,0.004002107371375825,Delta,mean_salinity_z,Warm,M4
Period_bin:HFP_period_z,0.006692969887371385,0.0181837228733753,827.848945829011,0.36807478501397894,0.7129115636145134,Delta,HFP_period_z,Warm,M4
Period_bin:elevation_z,-0.015433863281488049,0.018344599062086575,754.7797657114221,-0.841330095536716,0.40042950098532526,Delta,elevation_z,Warm,M4
Period_bin,0.044746535366078206,0.06904866386033687,850.225114677068,0.6480434647741481,0.5171317994985298,Period,NA,Warm,M5
mean_temp_z,0.13645885568634278,0.046734917963938985,1057.1557695185834,2.9198479773011576,0.003576329575330497,Main,NA,Warm,M5
sen_temp_z,0.03845790900692106,0.02278837035922291,1061.9676424040438,1.6876111981985746,0.0917795290900049,Main,NA,Warm,M5
mean_Q_z,-0.03145843742287912,0.012678845710844378,1059.4361131007115,-2.4811751905753,0.013249273394531793,Main,NA,Warm,M5
mean_organic_z,0.050499019386322355,0.02035120131292178,960.7881963833439,2.4813778120438785,0.013257661681561771,Main,NA,Warm,M5
mean_salinity_z,-0.020442097830012725,0.010187299206292777,1053.441097141439,-2.0066258402801673,0.04504470209955519,Main,NA,Warm,M5
HFP_period_z,-0.019733431495146135,0.015095679425555276,726.3378912069118,-1.3072238048285307,0.191550377881312,Main,NA,Warm,M5
elevation_z,0.01665878264501762,0.014446152701817058,1048.1866146474902,1.153163959212632,0.24910598593998184,Main,NA,Warm,M5
Period_bin:mean_temp_z,-0.12319352184753984,0.05829536085022564,860.2474855225125,-2.113264590025486,0.03486554182039903,Delta,mean_temp_z,Warm,M5
Period_bin:sen_temp_z,-0.03545686923228434,0.024598677817654097,999.1606589021088,-1.4414136196717648,0.14978119087928987,Delta,sen_temp_z,Warm,M5
Period_bin:mean_Q_z,0.035029876738535914,0.016370153961063696,807.8479388445911,2.1398623874799374,0.032664864725463746,Delta,mean_Q_z,Warm,M5
Period_bin:mean_organic_z,-0.0715377129563689,0.025479975497082495,828.7104332968139,-2.8076052492499493,0.005108380234781576,Delta,mean_organic_z,Warm,M5
Period_bin:mean_salinity_z,0.035103608316047696,0.012263866460654041,730.2657155270739,2.862360612672196,0.0043253528475387685,Delta,mean_salinity_z,Warm,M5
Period_bin:HFP_period_z,0.00543624392215388,0.018178221292019178,827.174768620388,0.2990525769724547,0.7649750467688351,Delta,HFP_period_z,Warm,M5
Period_bin:elevation_z,-0.01670644347234529,0.01834206011416172,754.2268969486704,-0.9108269937162845,0.3626775354274312,Delta,elevation_z,Warm,M5
Period_bin,0.035586548941013756,0.06920011849396676,855.106774857415,0.5142556070061698,0.607206167819333,Period,NA,Warm,M6
mean_temp_z,0.1430570309757302,0.046824217348105046,1062.591924098251,3.055193211499981,0.002305241940120631,Main,NA,Warm,M6
sen_temp_z,0.03627583354099185,0.022780309387567966,1062.0358969188003,1.592420582346826,0.11158780323964328,Main,NA,Warm,M6
mean_Q_z,-0.030981045911597307,0.012659914583132667,1062.9555561411066,-2.447176535683317,0.014559048442592102,Main,NA,Warm,M6
mean_organic_z,0.04557983910283805,0.020523574694172066,1062.9868810837324,2.220852837872392,0.02657108527970637,Main,NA,Warm,M6
mean_salinity_z,-0.021843571703253555,0.01021154774522071,1062.5007924617485,-2.1391048887253117,0.03265459109567733,Main,NA,Warm,M6
HFP_period_z,-0.025379087999701445,0.015362209464613415,1061.7971029405276,-1.6520467357356203,0.09882068661673823,Main,NA,Warm,M6
elevation_z,0.014377240427544163,0.014490622257659602,1062.9865364971824,0.9921755030184776,0.32133771229580294,Main,NA,Warm,M6
C(Protocol)Electrofishing_partialsection,-0.04861692166989011,0.02470184685361696,815.0780129037712,-1.9681492626034716,0.04938944405254425,Main,NA,Warm,M6
C(Protocol)Electrofishing_wholesection,-0.09104082433004979,0.027782974697695174,811.7104320528355,-3.276856611671693,0.0010942858433064752,Main,NA,Warm,M6
Period_bin:mean_temp_z,-0.12038603328574382,0.058285330821696915,860.345687406979,-2.065460238254832,0.03917846673505651,Delta,mean_temp_z,Warm,M6
Period_bin:sen_temp_z,-0.030169757758315985,0.024733913806532056,1039.3082588414472,-1.2197728994409434,0.22282769982080308,Delta,sen_temp_z,Warm,M6
Period_bin:mean_Q_z,0.03499030639930152,0.016359841065514233,808.8854564622693,2.1387925627871422,0.03275135123255651,Delta,mean_Q_z,Warm,M6
Period_bin:mean_organic_z,-0.0680158052950621,0.025530865154098106,831.9243096329345,-2.6640619064232727,0.007869737440189898,Delta,mean_organic_z,Warm,M6
Period_bin:mean_salinity_z,0.03539893068865227,0.012260818361650445,731.032345164941,2.8871588865041447,0.004002107503933752,Delta,mean_salinity_z,Warm,M6
Period_bin:HFP_period_z,0.006692969828141242,0.018183722904448633,827.8489222786894,0.36807478112767616,0.7129115665138228,Delta,HFP_period_z,Warm,M6
Period_bin:elevation_z,-0.015433863333474506,0.018344599099673422,754.7797395076329,-0.8413300966467708,0.4004295003732694,Delta,elevation_z,Warm,M6
