Term,Estimate,Std. Error,df,t value,Pr(>|t|),p,sig,Effect_type,Delta_var,Zone,Model
(Intercept),0.06751953692396889,0.0394495600929178,10.778065066907995,1.7115409339150114,0.11556560450093865,0.11556560450093865,,Main,NA,All,M1
Period_bin,-0.06438176231939577,0.008194416950930511,29553.542324071954,-7.856783796202236,4.074368066652416e-15,4.074368066652416e-15,***,Period,NA,All,M1
mean_temp_z,0.089853563509137,0.0145125905322627,232.44047792472105,6.191421394366845,2.675240314951916e-9,2.675240314951916e-9,***,Main,NA,All,M1
sen_temp_z,0.016953651457451757,0.005979981493738181,29354.257091633626,2.8350675458117114,0.004584729833216999,0.004584729833216999,**,Main,NA,All,M1
mean_Q_z,2.1208486264562412e-4,0.005535488226801296,28389.694160983126,0.03831366881402947,0.9694378620459388,0.9694378620459388,,Main,NA,All,M1
mean_organic_z,-4.935348902340872e-4,0.006636575988648512,29694.770243997213,-0.07436589154983696,0.9407197491455086,0.9407197491455086,,Main,NA,All,M1
mean_salinity_z,-0.010601205001805166,0.006967327570715138,29829.11832970484,-1.52155972203228,0.12813003618726418,0.12813003618726418,,Main,NA,All,M1
HFP_period_z,-0.010911180617062461,0.007492776520151529,29529.456575793312,-1.4562266187597173,0.14534061510999371,0.14534061510999371,,Main,NA,All,M1
elevation_z,0.01941829393151059,0.007723364292966282,2059.2851894373875,2.514227374875345,0.012005037797092548,0.012005037797092548,*,Main,NA,All,M1
Period_bin:mean_temp_z,-0.04844973559173979,0.009180447691099212,29729.704478437467,-5.277491601930658,1.3188163784362628e-7,1.3188163784362628e-7,***,Delta,mean_temp_z,All,M1
Period_bin:sen_temp_z,0.031630069225561795,0.008417996032868094,29738.485250362995,3.7574345606795347,1.7199194408634567e-4,1.7199194408634567e-4,***,Delta,sen_temp_z,All,M1
Period_bin:mean_Q_z,-0.01997161009907511,0.007889756377068383,29884.78267356103,-2.5313341939331226,0.011368035316954997,0.011368035316954997,*,Delta,mean_Q_z,All,M1
Period_bin:mean_organic_z,-0.002425235936857603,0.008957403610180659,29850.417115490964,-0.27075211103596675,0.7865835663358376,0.7865835663358376,,Delta,mean_organic_z,All,M1
Period_bin:mean_salinity_z,0.014064790930317983,0.008745297807847713,29833.491024646024,1.6082689508522796,0.10778686928978565,0.10778686928978565,,Delta,mean_salinity_z,All,M1
Period_bin:HFP_period_z,0.0015837020799663458,0.009311447179622373,29834.347822711294,0.1700811967695201,0.864947434107398,0.864947434107398,,Delta,HFP_period_z,All,M1
Period_bin:elevation_z,-0.033769532106776315,0.008490801618136555,29864.4388650761,-3.9771900964737874,6.989870034162772e-5,6.989870034162772e-5,***,Delta,elevation_z,All,M1
(Intercept),0.06588473432679558,0.034112008556856706,10.964254429662935,1.9314234814693247,0.07967998942588174,0.07967998942588174,,Main,NA,All,M2
Period_bin,-0.06952689814375447,0.008424556183658257,24229.925354006064,-8.252885567861842,1.6240735907327763e-16,1.6240735907327763e-16,***,Period,NA,All,M2
mean_temp_z,0.0736526453983622,0.015633844739006798,79.01637031470891,4.711102523271014,1.0382350339275612e-5,1.0382350339275612e-5,***,Main,NA,All,M2
sen_temp_z,0.015742649009767868,0.00630353139275488,22804.34237901611,2.497433268574195,0.012516592508627522,0.012516592508627522,*,Main,NA,All,M2
mean_Q_z,0.005692058573784115,0.007218272484431806,2153.5239643148097,0.7885624415066912,0.43045458626596733,0.43045458626596733,,Main,NA,All,M2
mean_organic_z,0.00425978767963627,0.007526221843961505,6248.576115838814,0.5659928404919415,0.5714189722013283,0.5714189722013283,,Main,NA,All,M2
mean_salinity_z,-0.008751789582541112,0.00794108032667544,5355.700144420369,-1.1020905497130362,0.2704718305576469,0.2704718305576469,,Main,NA,All,M2
HFP_period_z,-0.011690080784764004,0.008557046512934085,6669.682556721251,-1.3661350054711399,0.17194265139107692,0.17194265139107692,,Main,NA,All,M2
elevation_z,0.01270622336071397,0.00853203113033943,816.2487637504096,1.4892378106229998,0.1368110178016398,0.1368110178016398,,Main,NA,All,M2
Period_bin:mean_temp_z,-0.05001106321978702,0.009324434004449956,27688.76328505766,-5.3634422417403504,8.230482728442013e-8,8.230482728442013e-8,***,Delta,mean_temp_z,All,M2
Period_bin:sen_temp_z,0.02836403415655374,0.00887230370423176,21763.85647780561,3.1969187600087614,0.0013910253756085425,0.0013910253756085425,**,Delta,sen_temp_z,All,M2
Period_bin:mean_Q_z,-0.021451641618195464,0.008079191377986177,27683.147859129946,-2.6551718624522187,0.00793133777211295,0.00793133777211295,**,Delta,mean_Q_z,All,M2
Period_bin:mean_organic_z,-0.004840009211455028,0.009115176407402278,27560.442298067144,-0.5309836030737201,0.5954344205162074,0.5954344205162074,,Delta,mean_organic_z,All,M2
Period_bin:mean_salinity_z,0.013130336178134642,0.008832629316980447,28701.85000979225,1.4865716319479174,0.13713896909348708,0.13713896909348708,,Delta,mean_salinity_z,All,M2
Period_bin:HFP_period_z,0.0039559415654463114,0.009547623563753932,26385.347766754247,0.4143378233369431,0.6786300855911817,0.6786300855911817,,Delta,HFP_period_z,All,M2
Period_bin:elevation_z,-0.03301930892048299,0.0086626418420164,26997.413077072062,-3.811690419928189,1.3832602184461057e-4,1.3832602184461057e-4,***,Delta,elevation_z,All,M2
(Intercept),0.05427471612019921,0.055252324204385896,40.483775417251735,0.9823064803469556,0.331783224639424,0.331783224639424,,Main,NA,All,M3
Period_bin,-0.06490027135915834,0.008199932249661613,29881.57340568344,-7.91473263231371,2.5630960441282406e-15,2.5630960441282406e-15,***,Period,NA,All,M3
mean_temp_z,0.09820106874202011,0.01564524514937513,1148.1280777711022,6.276735698573714,4.892417278024061e-10,4.892417278024061e-10,***,Main,NA,All,M3
sen_temp_z,0.01728820908346576,0.005982590258133633,29303.07982916421,2.889753156663465,0.0038582719932224226,0.0038582719932224226,**,Main,NA,All,M3
mean_Q_z,8.088943137793747e-5,0.005535569209965105,28279.03082743449,0.014612667335514603,0.9883412963434901,0.9883412963434901,,Main,NA,All,M3
mean_organic_z,-4.446842695278854e-4,0.006640288680855919,29893.067383595477,-0.06696761103322492,0.9466079358073296,0.9466079358073296,,Main,NA,All,M3
mean_salinity_z,-0.010888503450267255,0.006969473475639999,29877.66497711509,-1.5623136365071504,0.11822471226614593,0.11822471226614593,,Main,NA,All,M3
HFP_period_z,-0.011073932848117316,0.007496485765917369,29828.657981359658,-1.477216551049125,0.13962815599076064,0.13962815599076064,,Main,NA,All,M3
elevation_z,0.021755900575528744,0.007924701821627802,5880.7181524865355,2.7453273404121465,0.006063424025175151,0.006063424025175151,**,Main,NA,All,M3
C(Protocol)Electrofishing_backpack,0.09215348140622291,0.07162934428296566,43.2990763751546,1.2865325283752198,0.20509371088727504,0.20509371088727504,,Main,NA,All,M3
C(Protocol)Electrofishing_partialsection,-0.014144551911793118,0.049629125350446245,163.32907010979326,-0.28500506128033015,0.7760013347107562,0.7760013347107562,,Main,NA,All,M3
C(Protocol)Electrofishing_wholesection,-0.09498108864588899,0.05113238917414689,186.36803533442225,-1.8575523299410481,0.06481025144908677,0.06481025144908677,,Main,NA,All,M3
C(Protocol)Seining,0.033082664444153184,0.09030931079229436,29861.91603288985,0.3663261756059815,0.7141242949793709,0.7141242949793709,,Main,NA,All,M3
Period_bin:mean_temp_z,-0.04861116419714302,0.009181063141447067,29751.773793894834,-5.294720605688069,1.2004352820692977e-7,1.2004352820692977e-7,***,Delta,mean_temp_z,All,M3
Period_bin:sen_temp_z,0.031153994784123274,0.008420161549332976,29753.522528278816,3.699928392299221,2.1604861404188512e-4,2.1604861404188512e-4,***,Delta,sen_temp_z,All,M3
Period_bin:mean_Q_z,-0.02026085735029994,0.007891225881345814,29892.64250978098,-2.567517094928797,0.010247790788301877,0.010247790788301877,*,Delta,mean_Q_z,All,M3
Period_bin:mean_organic_z,-0.002155026334260446,0.00895841750252275,29849.161897676637,-0.2405588189714954,0.8098987227273241,0.8098987227273241,,Delta,mean_organic_z,All,M3
Period_bin:mean_salinity_z,0.014124600622459836,0.008745092983490495,29835.783939595567,1.6151458479772707,0.1062896880819811,0.1062896880819811,,Delta,mean_salinity_z,All,M3
Period_bin:HFP_period_z,0.0019761475075379155,0.009313503800304535,29866.103542195022,0.21218088808567392,0.8319673643358287,0.8319673643358287,,Delta,HFP_period_z,All,M3
Period_bin:elevation_z,-0.03378085473594128,0.00849122209659401,29864.038639559,-3.978326600300729,6.956567745904961e-5,6.956567745904961e-5,***,Delta,elevation_z,All,M3
(Intercept),0.044702064319142705,0.05428221526100828,28.094647550268952,0.823512159630907,0.4171529254197397,0.4171529254197397,,Main,NA,All,M4
Period_bin,-0.07036178051687202,0.008436495687381298,25278.25229828254,-8.340166714257212,7.792152872058317e-17,7.792152872058317e-17,***,Period,NA,All,M4
mean_temp_z,0.08609962045614136,0.01786138432759248,365.358477303093,4.82043378480657,2.1048046417701558e-6,2.1048046417701558e-6,***,Main,NA,All,M4
sen_temp_z,0.015985119590849424,0.006304443766366255,22768.583842338034,2.5355321077061332,0.011234294353014457,0.011234294353014457,*,Main,NA,All,M4
mean_Q_z,0.005408574229925707,0.007213572173065126,2148.9779616035653,0.7497775166263492,0.45347078398682983,0.45347078398682983,,Main,NA,All,M4
mean_organic_z,0.004399567984092828,0.007532103833025756,6229.251289195122,0.584108780444873,0.5591682785987631,0.5591682785987631,,Main,NA,All,M4
mean_salinity_z,-0.00916447812949921,0.007942817044463875,5343.5105614751255,-1.1538070281861559,0.2486308952219276,0.2486308952219276,,Main,NA,All,M4
HFP_period_z,-0.011829932949149503,0.008566167219757927,6674.963276459689,-1.3810065395248972,0.16732318208942484,0.16732318208942484,,Main,NA,All,M4
elevation_z,0.01653272695797141,0.008902963968265913,1886.335111614014,1.8569913364696673,0.06346816404307151,0.06346816404307151,,Main,NA,All,M4
C(Protocol)Electrofishing_backpack,0.08751549102492329,0.07174942604098895,32.04174682238358,1.219737855114374,0.23146661074110736,0.23146661074110736,,Main,NA,All,M4
C(Protocol)Electrofishing_partialsection,0.00702125746196688,0.05274289411282196,59.68107788701311,0.13312233960745037,0.8945444800229576,0.8945444800229576,,Main,NA,All,M4
C(Protocol)Electrofishing_wholesection,-0.06825478523543625,0.05486127655658029,71.77945108197592,-1.244134105502317,0.21749766395329323,0.21749766395329323,,Main,NA,All,M4
C(Protocol)Seining,0.04542713720059111,0.11529638088303268,2239.383991911411,0.3940031495583249,0.693616227265133,0.693616227265133,,Main,NA,All,M4
Period_bin:mean_temp_z,-0.050247632746752625,0.009326599489845329,27841.97791103097,-5.387561972770627,7.199881069336903e-8,7.199881069336903e-8,***,Delta,mean_temp_z,All,M4
Period_bin:sen_temp_z,0.027818885302394535,0.008874285460122361,21751.817364395083,3.1347746731161563,0.0017221492510062335,0.0017221492510062335,**,Delta,sen_temp_z,All,M4
Period_bin:mean_Q_z,-0.021810272107152216,0.008081577478551337,27673.690865131357,-2.6987642159017966,0.006963970310654878,0.006963970310654878,**,Delta,mean_Q_z,All,M4
Period_bin:mean_organic_z,-0.004451701773772061,0.00911704407342364,27531.437717031862,-0.4882834543653088,0.6253529681840322,0.6253529681840322,,Delta,mean_organic_z,All,M4
Period_bin:mean_salinity_z,0.013206858855499057,0.008832112944220077,28704.845452404665,1.4953226865313025,0.13484124029694824,0.13484124029694824,,Delta,mean_salinity_z,All,M4
Period_bin:HFP_period_z,0.0044391027838625126,0.009550119186192647,26414.896564507537,0.4648217155530865,0.6420629667751044,0.6420629667751044,,Delta,HFP_period_z,All,M4
Period_bin:elevation_z,-0.03311997097652932,0.00866323276583603,26986.282277145485,-3.8230498789250915,1.3210709608586898e-4,1.3210709608586898e-4,***,Delta,elevation_z,All,M4
(Intercept),0.05806495720839332,0.02033960110538367,14.217814241208103,2.854773646127414,0.01257191160177022,0.01257191160177022,*,Main,NA,All,M5
Period_bin,-0.06729546895018554,0.008380274508609203,23896.00156558781,-8.030222504173548,1.0175032124596157e-15,1.0175032124596157e-15,***,Period,NA,All,M5
mean_temp_z,0.024883291626083433,0.010175531057435912,70.87507944829112,2.4454047150590354,0.016955335773361252,0.016955335773361252,*,Main,NA,All,M5
sen_temp_z,0.018953807623725255,0.0062693364913966034,21786.099469235818,3.0232557543745693,0.0025036161305832996,0.0025036161305832996,**,Main,NA,All,M5
mean_Q_z,0.010613935370457052,0.006847771248627779,2324.3292278510016,1.5499839268994233,0.12128151344358812,0.12128151344358812,,Main,NA,All,M5
mean_organic_z,0.006051480332759191,0.0074307004016403826,3174.4468374633743,0.8143889546970944,0.4154832511225277,0.4154832511225277,,Main,NA,All,M5
mean_salinity_z,-0.006643219745147464,0.007957128698945054,5335.764407444359,-0.8348764983565258,0.4038246266277151,0.4038246266277151,,Main,NA,All,M5
HFP_period_z,-0.010346035736771099,0.008428004750694293,3911.1852755822392,-1.2275782991127053,0.2196791888597067,0.2196791888597067,,Main,NA,All,M5
elevation_z,0.007511371431108654,0.007564243186301618,1012.497454860942,0.9930103046807496,0.3209421822254505,0.3209421822254505,,Main,NA,All,M5
Period_bin:mean_temp_z,-0.04630287186831356,0.009288938499255599,27593.32495301304,-4.984732310589009,6.24231589804175e-7,6.24231589804175e-7,***,Delta,mean_temp_z,All,M5
Period_bin:sen_temp_z,0.027924332909288353,0.008808003079766117,18849.935277506964,3.1703364152354316,0.0015250616535033943,0.0015250616535033943,**,Delta,sen_temp_z,All,M5
Period_bin:mean_Q_z,-0.022244523801194165,0.00806581368017149,27689.94505876168,-2.7578772189938827,0.005821618682611715,0.005821618682611715,**,Delta,mean_Q_z,All,M5
Period_bin:mean_organic_z,-0.004814764584808156,0.009124080364455977,27615.09398327653,-0.5276986164616313,0.597712773400491,0.597712773400491,,Delta,mean_organic_z,All,M5
Period_bin:mean_salinity_z,0.01312398236971292,0.008845444491304697,28797.411364938474,1.4836995905196326,0.13789957918197399,0.13789957918197399,,Delta,mean_salinity_z,All,M5
Period_bin:HFP_period_z,0.0022911450699299473,0.009543761559348116,26325.150782640376,0.24006730005589572,0.8102799530045722,0.8102799530045722,,Delta,HFP_period_z,All,M5
Period_bin:elevation_z,-0.03238636161403941,0.008639209076967495,26919.35547732908,-3.7487646525864102,1.7807929871393004e-4,1.7807929871393004e-4,***,Delta,elevation_z,All,M5
(Intercept),0.04153873850647501,0.01814858911902562,105.6170967597549,2.288813650143686,0.024080290984311893,0.024080290984311893,*,Main,NA,All,M6
Period_bin,-0.06805066181626757,0.00839572099255759,25275.051909762788,-8.105398199462709,5.493280813273073e-16,5.493280813273073e-16,***,Period,NA,All,M6
mean_temp_z,0.027721672036684526,0.01173548292892066,5340.009381896731,2.3622097364538672,0.01820203395126328,0.01820203395126328,*,Main,NA,All,M6
sen_temp_z,0.018971171458572404,0.00627639073109268,22363.432554230265,3.0226243507420456,0.002508767776852195,0.002508767776852195,**,Main,NA,All,M6
mean_Q_z,0.010087741842189224,0.006864704672116176,2333.6673122992106,1.469508496580303,0.14182971149534765,0.14182971149534765,,Main,NA,All,M6
mean_organic_z,0.0069636206097915656,0.0075229929255446314,6246.051819213726,0.9256449765021453,0.3546662730664488,0.3546662730664488,,Main,NA,All,M6
mean_salinity_z,-0.006454396707072277,0.007965122837407303,5359.9533883203985,-0.8103323500247767,0.4177851627259983,0.4177851627259983,,Main,NA,All,M6
HFP_period_z,-0.010480423819367965,0.008514647364176649,6604.772324023089,-1.2308699786513593,0.21841532784226989,0.21841532784226989,,Main,NA,All,M6
elevation_z,0.008633287071955825,0.007871743246691407,7198.82321225846,1.096743986865235,0.2727900078060008,0.2727900078060008,,Main,NA,All,M6
C(Protocol)Electrofishing_backpack,0.031209798057882866,0.023123027021485245,4853.570692558922,1.3497280450731484,0.17716617949226257,0.17716617949226257,,Main,NA,All,M6
C(Protocol)Electrofishing_partialsection,0.049365114386693665,0.017527800072417807,2634.747819460752,2.8163896314846646,0.004892825377746771,0.004892825377746771,**,Main,NA,All,M6
C(Protocol)Electrofishing_wholesection,-0.025580461546540183,0.02363096469432546,2777.7036554638244,-1.082497556804478,0.2791254612639468,0.2791254612639468,,Main,NA,All,M6
C(Protocol)Seining,0.05440606984906392,0.11652790429443961,2265.3881252645524,0.4668930603230631,0.6406212892601635,0.6406212892601635,,Main,NA,All,M6
Period_bin:mean_temp_z,-0.04696190439688955,0.009295040515879838,27887.845189082058,-5.052361451965579,4.391336234565253e-7,4.391336234565253e-7,***,Delta,mean_temp_z,All,M6
Period_bin:sen_temp_z,0.027333588995403123,0.00883062560138542,21390.14576386696,3.095317390776346,0.001968562367152736,0.001968562367152736,**,Delta,sen_temp_z,All,M6
Period_bin:mean_Q_z,-0.022343852005606686,0.008068318252223955,27732.654693267894,-2.769332010353932,0.005620868476497504,0.005620868476497504,**,Delta,mean_Q_z,All,M6
Period_bin:mean_organic_z,-0.004605271557120823,0.009126900470768124,27630.73778450899,-0.5045822042072998,0.6138563353522812,0.6138563353522812,,Delta,mean_organic_z,All,M6
Period_bin:mean_salinity_z,0.0131490913256846,0.00884476033482065,28800.331532605313,1.4866532079923487,0.13711737386937942,0.13711737386937942,,Delta,mean_salinity_z,All,M6
Period_bin:HFP_period_z,0.0027021399431611604,0.009545892068670627,26363.25636253504,0.2830683527241539,0.77712666322778,0.77712666322778,,Delta,HFP_period_z,All,M6
Period_bin:elevation_z,-0.032707175879012645,0.008641133994780129,26914.668845663477,-3.7850559774643178,1.5400721002950437e-4,1.5400721002950437e-4,***,Delta,elevation_z,All,M6
(Intercept),0.9753144028299133,0.7239584217015707,3204.23724350917,1.3471967085313588,0.17801214805069598,0.17801214805069598,,Main,NA,Cold,M1
Period_bin,-0.25412292897648,0.8635904320743808,3741.560332924073,-0.29426325204421955,0.768573074176711,0.768573074176711,,Period,NA,Cold,M1
mean_temp_z,-0.15357909227111008,0.06936609156230442,326.89502874574794,-2.214036985681481,0.02751594954150935,0.02751594954150935,*,Main,NA,Cold,M1
sen_temp_z,-0.041264184386612474,0.021414452008224262,3536.83734066939,-1.926931605383359,0.054068172763079715,0.054068172763079715,,Main,NA,Cold,M1
mean_Q_z,0.022630114107930987,0.026672357128439777,3646.788090290129,0.8484482267148901,0.39624408019723656,0.39624408019723656,,Main,NA,Cold,M1
mean_organic_z,1.469517879997773,0.7849185269743798,3021.3839175859257,1.8721916090607693,0.061276623695877656,0.061276623695877656,,Main,NA,Cold,M1
mean_salinity_z,-0.0758636495871747,0.559634249473117,3008.4441128340527,-0.1355593401558225,0.8921787196735474,0.8921787196735474,,Main,NA,Cold,M1
HFP_period_z,-0.00047932979928189215,0.022514511832999153,3639.77115284154,-0.021289815334985245,0.9830156351590316,0.9830156351590316,,Main,NA,Cold,M1
elevation_z,-0.004187014323067321,0.020005273908935476,841.9281622152997,-0.2092955258761624,0.8342681739876405,0.8342681739876405,,Main,NA,Cold,M1
Period_bin:mean_temp_z,0.07273892477162434,0.062142484607311595,3732.369508845808,1.1705184501597155,0.24186712377346897,0.24186712377346897,,Delta,mean_temp_z,Cold,M1
Period_bin:sen_temp_z,0.0676432403796486,0.03378772287315753,3651.042117132532,2.002006487196194,0.045357878640562795,0.045357878640562795,*,Delta,sen_temp_z,Cold,M1
Period_bin:mean_Q_z,-0.01992299186271406,0.03603011106896514,3739.0145520102697,-0.5529539396806054,0.5803280073780236,0.5803280073780236,,Delta,mean_Q_z,Cold,M1
Period_bin:mean_organic_z,-0.3424815764661156,0.9625448276601043,3722.4255822825785,-0.35580844301939707,0.7220041876980121,0.7220041876980121,,Delta,mean_organic_z,Cold,M1
Period_bin:mean_salinity_z,-0.15590217411632426,0.6476987632143815,3716.63015929874,-0.24070167023728326,0.8097996205570653,0.8097996205570653,,Delta,mean_salinity_z,Cold,M1
Period_bin:HFP_period_z,-0.04436062757600998,0.031231944069461344,3738.6764702349737,-1.4203607523550188,0.15558606850773454,0.15558606850773454,,Delta,HFP_period_z,Cold,M1
Period_bin:elevation_z,-0.04812342573368005,0.02414688196016083,3707.326531317342,-1.9929457481540414,0.046340571425893026,0.046340571425893026,*,Delta,elevation_z,Cold,M1
(Intercept),0.9729941178776736,0.7417018452148191,2406.2095217361957,1.3118399585427287,0.18969928137573458,0.18969928137573458,,Main,NA,Cold,M2
Period_bin,-0.24395973780111294,0.8805628653393937,2950.3525806530656,-0.2770497682832492,0.7817613002527681,0.7817613002527681,,Period,NA,Cold,M2
mean_temp_z,-0.14609727130462363,0.07201687583154476,227.80750252358555,-2.0286532790781,0.04365712832164767,0.04365712832164767,*,Main,NA,Cold,M2
sen_temp_z,-0.040112145317077894,0.021727845586657985,3179.140237592437,-1.8461170094889119,0.06496812242063997,0.06496812242063997,,Main,NA,Cold,M2
mean_Q_z,0.02611021927082221,0.028276985950730867,1130.4215965501344,0.9233734923628714,0.35600964715937733,0.35600964715937733,,Main,NA,Cold,M2
mean_organic_z,1.406790251943051,0.8060200803252168,2154.097875896637,1.745353851947997,0.08106587650649857,0.08106587650649857,,Main,NA,Cold,M2
mean_salinity_z,0.004559205377864723,0.5794690606520919,1793.0502525609675,0.007867901303883469,0.9937232630368913,0.9937232630368913,,Main,NA,Cold,M2
HFP_period_z,-0.0016259134456720668,0.02359397472381975,1508.8606702323289,-0.06891223139400054,0.9450686134028885,0.9450686134028885,,Main,NA,Cold,M2
elevation_z,-0.003853581474120903,0.02064337312233804,653.7978297103655,-0.18667402130860927,0.8519741348034522,0.8519741348034522,,Main,NA,Cold,M2
Period_bin:mean_temp_z,0.06336982905794304,0.0622842642327214,3702.8967271768593,1.0174291988288646,0.3090157681249233,0.3090157681249233,,Delta,mean_temp_z,Cold,M2
Period_bin:sen_temp_z,0.06646572400815423,0.03412240730255874,3437.418673089003,1.9478615157134636,0.051512832127414435,0.051512832127414435,,Delta,sen_temp_z,Cold,M2
Period_bin:mean_Q_z,-0.026936822933710886,0.036009859054195806,3738.506580729547,-0.7480402212396956,0.45448294946417556,0.45448294946417556,,Delta,mean_Q_z,Cold,M2
Period_bin:mean_organic_z,-0.2537774230392155,0.9796977631046441,3037.080646475225,-0.25903644225439443,0.7956246779663725,0.7956246779663725,,Delta,mean_organic_z,Cold,M2
Period_bin:mean_salinity_z,-0.27274305109561925,0.6554765168277215,3390.220063704633,-0.4160988900343842,0.6773639801491554,0.6773639801491554,,Delta,mean_salinity_z,Cold,M2
Period_bin:HFP_period_z,-0.03982372864180199,0.031434079473303726,3621.828430703158,-1.2668966074105465,0.20527372235492797,0.20527372235492797,,Delta,HFP_period_z,Cold,M2
Period_bin:elevation_z,-0.04768371869114267,0.02402092585646925,3681.5571805628883,-1.9850907902578043,0.047208463369049616,0.047208463369049616,*,Delta,elevation_z,Cold,M2
(Intercept),0.8432302203529535,0.7626995538390487,3435.1453164314757,1.1055863558704782,0.26898302239234634,0.26898302239234634,,Main,NA,Cold,M3
Period_bin,-0.19815921982433926,0.8664309642070376,3745.009848812052,-0.22870745392357447,0.8191087884714789,0.8191087884714789,,Period,NA,Cold,M3
mean_temp_z,-0.16413397580913736,0.07270223412243028,280.7866139636411,-2.257619422433929,0.024737546604801357,0.024737546604801357,*,Main,NA,Cold,M3
sen_temp_z,-0.042351162666451975,0.02153096127720664,3481.9556535368242,-1.9669889384495927,0.04926377262577615,0.04926377262577615,*,Main,NA,Cold,M3
mean_Q_z,0.02130964250674937,0.026866643587081518,3610.3265362027914,0.7931635538201667,0.4277346597437188,0.4277346597437188,,Main,NA,Cold,M3
mean_organic_z,1.3410065220946155,0.8155517601823783,3624.325861049651,1.6442935783680144,0.1002023023989641,0.1002023023989641,,Main,NA,Cold,M3
mean_salinity_z,-0.05083037858544434,0.5602742545439344,3059.028245516578,-0.09072410194328932,0.9277177588537947,0.9277177588537947,,Main,NA,Cold,M3
HFP_period_z,-0.002047710733563605,0.022623976721652048,3705.039313488588,-0.09051064535457484,0.92788632747114,0.92788632747114,,Main,NA,Cold,M3
elevation_z,-0.009757991485755005,0.02288683215421613,1073.2848185833634,-0.42635832779319016,0.6699322577340321,0.6699322577340321,,Main,NA,Cold,M3
C(Protocol)Electrofishing_partialsection,-0.1275087680106125,0.5592841481286461,611.1511961499916,-0.2279856642410738,0.8197336399671928,0.8197336399671928,,Main,NA,Cold,M3
C(Protocol)Electrofishing_wholesection,0.3081025108784211,0.34922239564746377,333.74840160526884,0.8822530133189032,0.37827497736808746,0.37827497736808746,,Main,NA,Cold,M3
Period_bin:mean_temp_z,0.07484932099109916,0.06218453811478719,3729.0545111622646,1.2036645002160167,0.22879568066191006,0.22879568066191006,,Delta,mean_temp_z,Cold,M3
Period_bin:sen_temp_z,0.06869891325203023,0.033868515140860395,3616.6667882814772,2.0284005060838637,0.042592528268365674,0.042592528268365674,*,Delta,sen_temp_z,Cold,M3
Period_bin:mean_Q_z,-0.019350172062594852,0.03604444669696345,3739.002292498471,-0.5368419780521974,0.5914087138777406,0.5914087138777406,,Delta,mean_Q_z,Cold,M3
Period_bin:mean_organic_z,-0.2809586309797634,0.9648885241721599,3737.5225908605053,-0.2911824774999951,0.7709279208443928,0.7709279208443928,,Delta,mean_organic_z,Cold,M3
Period_bin:mean_salinity_z,-0.17121903463315885,0.6479974407358642,3707.577211845886,-0.26422794886153095,0.7916189619918814,0.7916189619918814,,Delta,mean_salinity_z,Cold,M3
Period_bin:HFP_period_z,-0.04294839718033567,0.0312620943683823,3737.767692416438,-1.3738170154003695,0.16958087940415006,0.16958087940415006,,Delta,HFP_period_z,Cold,M3
Period_bin:elevation_z,-0.0459629993027137,0.024240411977605455,3706.94026638226,-1.8961311113514363,0.05802039962927993,0.05802039962927993,,Delta,elevation_z,Cold,M3
(Intercept),0.8488802262947949,0.782418465853083,2429.1320799217815,1.084944008024207,0.2780541173654595,0.2780541173654595,,Main,NA,Cold,M4
Period_bin,-0.19186434483627743,0.8833052107988514,2962.3097757883925,-0.2172118340191353,0.8280582212188745,0.8280582212188745,,Period,NA,Cold,M4
mean_temp_z,-0.15619147925049448,0.07562646598358896,189.07644763542467,-2.0653018387027133,0.04025864035851634,0.04025864035851634,*,Main,NA,Cold,M4
sen_temp_z,-0.0410583547189025,0.021828945558509564,3161.2792032062744,-1.880913331743445,0.060075549935437546,0.060075549935437546,,Main,NA,Cold,M4
mean_Q_z,0.02495298816750351,0.028465378418975357,1138.552530052571,0.8766083415518394,0.38088432175791287,0.38088432175791287,,Main,NA,Cold,M4
mean_organic_z,1.284366272196592,0.8390596911545616,2377.613684520174,1.530720979373089,0.12597139746545072,0.12597139746545072,,Main,NA,Cold,M4
mean_salinity_z,0.03149002483318043,0.5804365628742254,1796.7746197861873,0.0542523108421135,0.9567401753028496,0.9567401753028496,,Main,NA,Cold,M4
HFP_period_z,-0.003210841777562607,0.023722911235368065,1498.7727502144082,-0.13534771283785862,0.8923551373055167,0.8923551373055167,,Main,NA,Cold,M4
elevation_z,-0.009263562898198428,0.023977695703921668,632.0675095095044,-0.386340831603903,0.6993742802195264,0.6993742802195264,,Main,NA,Cold,M4
C(Protocol)Electrofishing_partialsection,-0.1452133971189339,0.5730449431224306,546.8817656195705,-0.25340664613091124,0.8000492249372965,0.8000492249372965,,Main,NA,Cold,M4
C(Protocol)Electrofishing_wholesection,0.303029182694057,0.36091569079784835,320.7940150027414,0.839612104489483,0.4017511829793683,0.4017511829793683,,Main,NA,Cold,M4
Period_bin:mean_temp_z,0.06526222780224265,0.06231957893432498,3700.526959295616,1.0472186898280997,0.29506712071850083,0.29506712071850083,,Delta,mean_temp_z,Cold,M4
Period_bin:sen_temp_z,0.06739278947146403,0.03419538631069598,3410.1534282874336,1.9708152690289753,0.048825763771339674,0.048825763771339674,*,Delta,sen_temp_z,Cold,M4
Period_bin:mean_Q_z,-0.02642996499091907,0.036023446688548434,3738.48779144169,-0.733687845569784,0.46318501483307706,0.46318501483307706,,Delta,mean_Q_z,Cold,M4
Period_bin:mean_organic_z,-0.19574154170303362,0.9820140716254523,3051.564934991183,-0.19932661594048007,0.8420205403771955,0.8420205403771955,,Delta,mean_organic_z,Cold,M4
Period_bin:mean_salinity_z,-0.28816775995775024,0.6557195974798167,3386.6678008564086,-0.4394679693352007,0.6603505253762902,0.6603505253762902,,Delta,mean_salinity_z,Cold,M4
Period_bin:HFP_period_z,-0.038532396655812415,0.03146055583364129,3624.794101091968,-1.2247843572620256,0.22073606673742308,0.22073606673742308,,Delta,HFP_period_z,Cold,M4
Period_bin:elevation_z,-0.04567987291705814,0.02411191817209805,3678.448980390829,-1.8944935276828454,0.05823789395683101,0.05823789395683101,,Delta,elevation_z,Cold,M4
(Intercept),0.7336538781236014,0.7252421188820483,2554.512540725801,1.011598553121156,0.3118258435752815,0.3118258435752815,,Main,NA,Cold,M5
Period_bin,-0.02616388632633175,0.8865211183406014,2909.9408511387915,-0.029512987096467096,0.9764574851036698,0.9764574851036698,,Period,NA,Cold,M5
mean_temp_z,-0.17621674875963625,0.048639405731917815,1767.6013235979844,-3.6229214997172656,2.9952359389089935e-4,2.9952359389089935e-4,***,Main,NA,Cold,M5
sen_temp_z,-0.014659684922416446,0.02127608628311954,2998.7229143027616,-0.6890216897666677,0.49086292451015456,0.49086292451015456,,Main,NA,Cold,M5
mean_Q_z,0.021268094031875833,0.028286669829785945,1147.6845770030852,0.7518769144567335,0.4522792430485709,0.4522792430485709,,Main,NA,Cold,M5
mean_organic_z,1.2550334941003356,0.7794390963839524,2422.0046639568886,1.6101751887001894,0.10748992779284974,0.10748992779284974,,Main,NA,Cold,M5
mean_salinity_z,-0.1654838215145224,0.558262038466876,2058.612534130151,-0.2964267854733261,0.7669340735026009,0.7669340735026009,,Main,NA,Cold,M5
HFP_period_z,0.007161206895479269,0.023714424064618794,1482.7976635996845,0.3019768422781801,0.7627120643646546,0.7627120643646546,,Main,NA,Cold,M5
elevation_z,0.0016612618927205733,0.018286886683082742,1947.3316418225943,0.09084443522348788,0.927625544828286,0.927625544828286,,Main,NA,Cold,M5
Period_bin:mean_temp_z,0.04404218912955809,0.06216644288138496,3693.2515575588036,0.7084559947171438,0.4787068415159703,0.4787068415159703,,Delta,mean_temp_z,Cold,M5
Period_bin:sen_temp_z,0.0668435491587972,0.03382064459876252,3421.2334807240995,1.9764126305636105,0.04818825806671218,0.04818825806671218,*,Delta,sen_temp_z,Cold,M5
Period_bin:mean_Q_z,-0.04411577727987597,0.0359677727024397,3739.081504390803,-1.226536256354945,0.2200741712573567,0.2200741712573567,,Delta,mean_Q_z,Cold,M5
Period_bin:mean_organic_z,0.12088514844797507,0.9820448275624191,2981.141933188821,0.12309534662285218,0.9020398938884058,0.9020398938884058,,Delta,mean_organic_z,Cold,M5
Period_bin:mean_salinity_z,-0.45962969786300856,0.653639798854162,3373.401399083152,-0.7031849937362208,0.48198899547110685,0.48198899547110685,,Delta,mean_salinity_z,Cold,M5
Period_bin:HFP_period_z,-0.044959719952700844,0.03159319847914842,3630.0955148724706,-1.4230822492497668,0.1547982453482093,0.1547982453482093,,Delta,HFP_period_z,Cold,M5
Period_bin:elevation_z,-0.04159564685860378,0.023991474943246986,3714.4715252854808,-1.733767805314193,0.0830422649054348,0.0830422649054348,,Delta,elevation_z,Cold,M5
(Intercept),0.7700282268149214,0.7578670433418814,2548.57601518157,1.0160465923144173,0.3097036448320739,0.3097036448320739,,Main,NA,Cold,M6
Period_bin,-0.031647378090400836,0.8924572025510323,2952.6872347042226,-0.035460947594953364,0.9717145830769229,0.9717145830769229,,Period,NA,Cold,M6
mean_temp_z,-0.17542105662762686,0.04892045588340495,1746.7058030515475,-3.5858426390326037,3.45231423621162e-4,3.45231423621162e-4,***,Main,NA,Cold,M6
sen_temp_z,-0.01446090993234178,0.02131775514617278,3018.6703881499902,-0.6783505032863639,0.497601480308552,0.497601480308552,,Main,NA,Cold,M6
mean_Q_z,0.02187035628948934,0.028342359996569158,1149.8573340572711,0.7716490896360341,0.4404808394167846,0.4404808394167846,,Main,NA,Cold,M6
mean_organic_z,1.2922957343337027,0.8169110307106617,2395.251975274147,1.5819295930053556,0.11379766943894241,0.11379766943894241,,Main,NA,Cold,M6
mean_salinity_z,-0.16389556575953873,0.5595157199286,2036.9460469315843,-0.292923969643701,0.769610103332499,0.769610103332499,,Main,NA,Cold,M6
HFP_period_z,0.007411431035605746,0.023918396607020533,1471.98645439755,0.30986320518785704,0.7567088450540638,0.7567088450540638,,Main,NA,Cold,M6
elevation_z,0.0034164863704613468,0.02017943879348638,1484.210248297291,0.16930532139298823,0.8655795615819148,0.8655795615819148,,Main,NA,Cold,M6
C(Protocol)Electrofishing_partialsection,-0.46811206870797656,0.5235570873938405,2206.90690003871,-0.8940993828163842,0.3713662133267064,0.3713662133267064,,Main,NA,Cold,M6
C(Protocol)Electrofishing_wholesection,0.12503640763265889,0.32147706682481964,1548.2192422117314,0.3889434754012924,0.6973714446678511,0.6973714446678511,,Main,NA,Cold,M6
Period_bin:mean_temp_z,0.04499642521658044,0.06216447847453026,3693.808876106148,0.7238285644914751,0.46921682718904156,0.46921682718904156,,Delta,mean_temp_z,Cold,M6
Period_bin:sen_temp_z,0.06673085257244635,0.03382031724152232,3422.7097826891786,1.973099545338347,0.04856455927167168,0.04856455927167168,*,Delta,sen_temp_z,Cold,M6
Period_bin:mean_Q_z,-0.044275578184925876,0.0359688039798849,3739.063726504266,-1.2309438537263133,0.21842128805599118,0.21842128805599118,,Delta,mean_Q_z,Cold,M6
Period_bin:mean_organic_z,0.11907830741758851,0.9889750770775892,3019.1408469846215,0.12040577177077469,0.9041697312302895,0.9041697312302895,,Delta,mean_organic_z,Cold,M6
Period_bin:mean_salinity_z,-0.4731288950862706,0.6538306283806898,3374.652152366944,-0.7236260807451704,0.46934548036595125,0.46934548036595125,,Delta,mean_salinity_z,Cold,M6
Period_bin:HFP_period_z,-0.044456187070154286,0.031624044652348644,3636.3827731580855,-1.4057717018449956,0.1598773620031871,0.1598773620031871,,Delta,HFP_period_z,Cold,M6
Period_bin:elevation_z,-0.04080559723808306,0.024064520022900382,3711.675380389701,-1.695674677876453,0.09003137302347636,0.09003137302347636,,Delta,elevation_z,Cold,M6
(Intercept),0.06529109406426083,0.025627598367458634,14.077431069887174,2.547686799523362,0.023144867876969115,0.023144867876969115,*,Main,NA,Intermediate,M1
Period_bin,-0.07815202724804335,0.012957703140078176,14269.805145643559,-6.031317927505156,1.6664520830242816e-9,1.6664520830242816e-9,***,Period,NA,Intermediate,M1
mean_temp_z,0.14041794302379557,0.025847609898797693,254.80677777028183,5.432531037630954,1.2971082919659093e-7,1.2971082919659093e-7,***,Main,NA,Intermediate,M1
sen_temp_z,0.014259870975726265,0.008416875467437338,13321.49493503152,1.6942000663897105,0.0902506474667436,0.0902506474667436,,Main,NA,Intermediate,M1
mean_Q_z,1.705797229896269e-4,0.006785032813300688,4532.090533154937,0.025140589247444722,0.97994393169896,0.97994393169896,,Main,NA,Intermediate,M1
mean_organic_z,-0.012384244384456242,0.007988235642482702,13315.705910889446,-1.5503103487076506,0.12109081002180115,0.12109081002180115,,Main,NA,Intermediate,M1
mean_salinity_z,-0.0181999905933975,0.009653218405881195,15169.23755715859,-1.8853805879196943,0.0593975667821963,0.0593975667821963,,Main,NA,Intermediate,M1
HFP_period_z,-0.011170522523259993,0.011313570699676801,8033.133960351693,-0.9873560540510085,0.32349785750508353,0.32349785750508353,,Main,NA,Intermediate,M1
elevation_z,-0.007406149026469682,0.010071227773894947,142.76049609697813,-0.7353769761485027,0.4633163438504504,0.4633163438504504,,Main,NA,Intermediate,M1
Period_bin:mean_temp_z,-0.2147113680769134,0.031193008618951197,14096.692832984443,-6.883317050297813,6.0945464959191635e-12,6.0945464959191635e-12,***,Delta,mean_temp_z,Intermediate,M1
Period_bin:sen_temp_z,0.01995942544168704,0.011283416526677258,14003.971997402572,1.7689168342316521,0.07692951756064703,0.07692951756064703,,Delta,sen_temp_z,Intermediate,M1
Period_bin:mean_Q_z,-0.038142719854850175,0.01030952525766332,15326.567177254023,-3.6997552168076573,2.1656214429106304e-4,2.1656214429106304e-4,***,Delta,mean_Q_z,Intermediate,M1
Period_bin:mean_organic_z,0.029301412614736892,0.011504356354325649,15140.27348354316,2.5469840912672645,0.010875644933284342,0.010875644933284342,*,Delta,mean_organic_z,Intermediate,M1
Period_bin:mean_salinity_z,0.008213091745083929,0.012789659941444043,15293.604825204953,0.6421665456850774,0.52077467742709,0.52077467742709,,Delta,mean_salinity_z,Intermediate,M1
Period_bin:HFP_period_z,0.015321374417382705,0.014346456239131814,14814.559260739992,1.067955330710289,0.2855580636862143,0.2855580636862143,,Delta,HFP_period_z,Intermediate,M1
Period_bin:elevation_z,-0.01657316196260716,0.01137681820689206,10077.732421414259,-1.4567484213263744,0.14521699342534417,0.14521699342534417,,Delta,elevation_z,Intermediate,M1
(Intercept),0.054065459141361044,0.025751244857643067,13.453480124346973,2.0995279816662613,0.055161463396346845,0.055161463396346845,,Main,NA,Intermediate,M2
Period_bin,-0.08604094089365376,0.01324809199213359,13741.978232986496,-6.494591141482326,8.612299581350777e-11,8.612299581350777e-11,***,Period,NA,Intermediate,M2
mean_temp_z,0.13659347850028455,0.0279033678622604,286.3414883938035,4.895232689277938,1.6426231668904113e-6,1.6426231668904113e-6,***,Main,NA,Intermediate,M2
sen_temp_z,0.009850532010226301,0.008894729478411776,11793.370209323637,1.1074571783362648,0.2681189031553743,0.2681189031553743,,Main,NA,Intermediate,M2
mean_Q_z,0.006009620348153985,0.008887983813672147,996.0147977933132,0.6761511355263212,0.499101662711833,0.499101662711833,,Main,NA,Intermediate,M2
mean_organic_z,-0.00886846667038863,0.008975659905468315,3371.082202816183,-0.9880573421666323,0.323195476628389,0.323195476628389,,Main,NA,Intermediate,M2
mean_salinity_z,-0.01749997867609367,0.011106108997704305,2982.5808817401153,-1.5757074489104164,0.11519929513561,0.11519929513561,,Main,NA,Intermediate,M2
HFP_period_z,-0.008072280107840994,0.012575752310760017,3694.5848983228775,-0.6418924218898794,0.5209828574359979,0.5209828574359979,,Main,NA,Intermediate,M2
elevation_z,-0.00636385886812694,0.010771916773853958,122.90834285940518,-0.590782402215877,0.5557510423028874,0.5557510423028874,,Main,NA,Intermediate,M2
Period_bin:mean_temp_z,-0.22465857510377765,0.03139326643559827,14717.552749120565,-7.156266314773379,8.682137190113631e-13,8.682137190113631e-13,***,Delta,mean_temp_z,Intermediate,M2
Period_bin:sen_temp_z,0.020159840153319983,0.011885934169264714,10901.760344446266,1.6961090198068216,0.08989378678768016,0.08989378678768016,,Delta,sen_temp_z,Intermediate,M2
Period_bin:mean_Q_z,-0.0378320506309713,0.010494612105084346,15001.720187058663,-3.604902234799391,3.1328245057796834e-4,3.1328245057796834e-4,***,Delta,mean_Q_z,Intermediate,M2
Period_bin:mean_organic_z,0.028705410943913712,0.011629561525949182,14693.446778011863,2.4683141217201507,0.013586412537320462,0.013586412537320462,*,Delta,mean_organic_z,Intermediate,M2
Period_bin:mean_salinity_z,0.009098383702882495,0.012908645723585686,14835.800670883664,0.7048286782135966,0.48092792373236903,0.48092792373236903,,Delta,mean_salinity_z,Intermediate,M2
Period_bin:HFP_period_z,0.016693279720370432,0.014632276153222311,14059.091203835958,1.1408532442639998,0.25395043201095413,0.25395043201095413,,Delta,HFP_period_z,Intermediate,M2
Period_bin:elevation_z,-0.01706236629510651,0.011643162863082306,11988.203771840957,-1.4654408338826221,0.14282690927653233,0.14282690927653233,,Delta,elevation_z,Intermediate,M2
(Intercept),0.02102174241698919,0.02140263395975095,44.17098008004358,0.9822035202079309,0.3313491042826805,0.3313491042826805,,Main,NA,Intermediate,M3
Period_bin,-0.07924029482518387,0.01295666290814166,15345.587525838433,-6.115795045913493,9.840635260405377e-10,9.840635260405377e-10,***,Period,NA,Intermediate,M3
mean_temp_z,0.14153447148470732,0.027582252014150592,14999.588432541088,5.131360246150153,2.9124672381605244e-7,2.9124672381605244e-7,***,Main,NA,Intermediate,M3
sen_temp_z,0.01377618234105989,0.008384253521374703,15330.020980876243,1.643101834401724,0.10038237347757184,0.10038237347757184,,Main,NA,Intermediate,M3
mean_Q_z,-1.840150512621388e-4,0.006685832124256425,15344.610862683458,-0.027523133671652628,0.9780428467504828,0.9780428467504828,,Main,NA,Intermediate,M3
mean_organic_z,-0.01096241067643647,0.00800971885449655,15345.601536596305,-1.3686386345860713,0.17113229586850234,0.17113229586850234,,Main,NA,Intermediate,M3
mean_salinity_z,-0.01772806109088892,0.009661750338012472,15325.468679581141,-1.8348705431914294,0.06654424425675716,0.06654424425675716,,Main,NA,Intermediate,M3
HFP_period_z,-0.009406500058924142,0.011223187916715711,15345.685306643916,-0.838130852724491,0.401970270679181,0.401970270679181,,Main,NA,Intermediate,M3
elevation_z,-0.010808962463847977,0.011071909035943966,15306.678612390304,-0.9762510176662077,0.3289555150000194,0.3289555150000194,,Main,NA,Intermediate,M3
C(Protocol)Electrofishing_backpack,0.05442781725033375,0.02428195098451696,13659.837007355058,2.2414927566997753,0.025010166300458637,0.025010166300458637,*,Main,NA,Intermediate,M3
C(Protocol)Electrofishing_partialsection,0.08625859818307088,0.0231155434688688,9660.770632284275,3.731627521509106,1.9133743474675452e-4,1.9133743474675452e-4,***,Main,NA,Intermediate,M3
C(Protocol)Electrofishing_wholesection,0.008167580015770599,0.048161909242813924,15290.536524335217,0.16958588528110013,0.8653380670963926,0.8653380670963926,,Main,NA,Intermediate,M3
C(Protocol)Seining,0.027580333113099553,0.09267527061877108,15314.921404291985,0.2976018621683231,0.7660110897808242,0.7660110897808242,,Main,NA,Intermediate,M3
Period_bin:mean_temp_z,-0.21491625849529106,0.031175156776860828,15314.149494268388,-6.893830880581444,5.643171626894665e-12,5.643171626894665e-12,***,Delta,mean_temp_z,Intermediate,M3
Period_bin:sen_temp_z,0.01914131889582561,0.011268829608876652,15332.294857280996,1.698607536025539,0.08941344445949267,0.08941344445949267,,Delta,sen_temp_z,Intermediate,M3
Period_bin:mean_Q_z,-0.03813756422235484,0.010308589511698678,15335.792660613059,-3.69959092648655,2.1670179570734333e-4,2.1670179570734333e-4,***,Delta,mean_Q_z,Intermediate,M3
Period_bin:mean_organic_z,0.029750109405326186,0.011503230244909454,15304.81256090952,2.5862395841804138,0.009712092096381278,0.009712092096381278,**,Delta,mean_organic_z,Intermediate,M3
Period_bin:mean_salinity_z,0.007657693199191696,0.012791901931890256,15294.868609296313,0.5986360151887219,0.5494244991304018,0.5494244991304018,,Delta,mean_salinity_z,Intermediate,M3
Period_bin:HFP_period_z,0.013954218997662346,0.014315456650867994,15311.697121443798,0.9747659008010936,0.329691794297582,0.329691794297582,,Delta,HFP_period_z,Intermediate,M3
Period_bin:elevation_z,-0.01972929218348475,0.01139085737264819,15322.434908860414,-1.7320287260253886,0.08328857287251856,0.08328857287251856,,Delta,elevation_z,Intermediate,M3
(Intercept),0.015623600953273791,0.02253289374110118,54.21603200040099,0.6933685984936557,0.4910381883780407,0.4910381883780407,,Main,NA,Intermediate,M4
Period_bin,-0.08664195923318593,0.013270089460526073,13847.277786174189,-6.5291164382060725,6.846492346689677e-11,6.846492346689677e-11,***,Period,NA,Intermediate,M4
mean_temp_z,0.14366738300764975,0.030354648597442857,5256.264511038803,4.732961495055904,2.2707105626105677e-6,2.2707105626105677e-6,***,Main,NA,Intermediate,M4
sen_temp_z,0.010320555309197146,0.00889933079009406,11847.873933315943,1.1597001564078353,0.24619427646953124,0.24619427646953124,,Main,NA,Intermediate,M4
mean_Q_z,0.004172587473854509,0.00901059579110312,1125.6218586252821,0.4630756467818074,0.643399659711613,0.643399659711613,,Main,NA,Intermediate,M4
mean_organic_z,-0.007223377507522361,0.009030337813574395,3934.0666893449716,-0.7999011395414453,0.4238163737728209,0.4238163737728209,,Main,NA,Intermediate,M4
mean_salinity_z,-0.016834377104359064,0.011110442526792202,2984.296303777611,-1.5151851120028674,0.1298314360690571,0.1298314360690571,,Main,NA,Intermediate,M4
HFP_period_z,-0.00702623511717829,0.012668560348397048,4404.191355789832,-0.5546198560807518,0.5791828673051811,0.5791828673051811,,Main,NA,Intermediate,M4
elevation_z,-0.0045255687161592645,0.012775348338598023,3280.5048086121037,-0.35424229509939953,0.7231800764516508,0.7231800764516508,,Main,NA,Intermediate,M4
C(Protocol)Electrofishing_backpack,0.0674748623945299,0.027849483806036326,3195.3342005820587,2.4228406840310934,0.015454917030798416,0.015454917030798416,*,Main,NA,Intermediate,M4
C(Protocol)Electrofishing_partialsection,0.07175044440329864,0.030731337037970492,1235.6439768408552,2.3347648139957746,0.019715198644440268,0.019715198644440268,*,Main,NA,Intermediate,M4
C(Protocol)Electrofishing_wholesection,-0.0032708758023075645,0.05792933009231279,2127.08647757446,-0.056463207792931285,0.9549781077135086,0.9549781077135086,,Main,NA,Intermediate,M4
C(Protocol)Seining,0.04453860373053066,0.12081374615106445,1282.816187553733,0.36865510051182404,0.7124456497882155,0.7124456497882155,,Main,NA,Intermediate,M4
Period_bin:mean_temp_z,-0.22614013693282095,0.03142685105977467,14943.706167279008,-7.19576188217829,6.506708436557561e-13,6.506708436557561e-13,***,Delta,mean_temp_z,Intermediate,M4
Period_bin:sen_temp_z,0.018814279835251205,0.011913516768814686,11684.833346993571,1.579238120896446,0.11430851725730534,0.11430851725730534,,Delta,sen_temp_z,Intermediate,M4
Period_bin:mean_Q_z,-0.0379040612506225,0.010497843614956587,14997.785258741958,-3.610652114937154,3.064241160236281e-4,3.064241160236281e-4,***,Delta,mean_Q_z,Intermediate,M4
Period_bin:mean_organic_z,0.028961216932013267,0.011637102927373494,14756.24099401696,2.4886964661873834,0.012832176344875401,0.012832176344875401,*,Delta,mean_organic_z,Intermediate,M4
Period_bin:mean_salinity_z,0.009027796642718732,0.012908855166072087,14834.582891792073,0.6993491310094011,0.48434483485608737,0.48434483485608737,,Delta,mean_salinity_z,Intermediate,M4
Period_bin:HFP_period_z,0.016950587509420266,0.014633138880411853,14062.890869442781,1.158369892334623,0.2467327912096931,0.2467327912096931,,Delta,HFP_period_z,Intermediate,M4
Period_bin:elevation_z,-0.018127116055645,0.011717439853334018,13222.94051095803,-1.5470201923406681,0.12188230806432095,0.12188230806432095,,Delta,elevation_z,Intermediate,M4
(Intercept),0.0540654411183124,0.02575119375540194,13.453581229099289,2.0995314482060023,0.055160962762206674,0.055160962762206674,,Main,NA,Intermediate,M5
Period_bin,-0.08604093334368824,0.013248091950375417,13741.978930259947,-6.494590592062584,8.612330898819856e-11,8.612330898819856e-11,***,Period,NA,Intermediate,M5
mean_temp_z,0.13659345809910914,0.027903359027035435,286.34198414732805,4.8952335081509135,1.6426154679641878e-6,1.6426154679641878e-6,***,Main,NA,Intermediate,M5
sen_temp_z,0.00985053066369389,0.008894729453540863,11793.370084192973,1.107457030047444,0.26811896723345313,0.26811896723345313,,Main,NA,Intermediate,M5
mean_Q_z,0.006009631207577513,0.008887983175230148,996.0147730329054,0.6761524059052798,0.4991008565732067,0.4991008565732067,,Main,NA,Intermediate,M5
mean_organic_z,-0.008868475278818743,0.00897565954715179,3371.080496552398,-0.9880583406968618,0.323194987736075,0.323194987736075,,Main,NA,Intermediate,M5
mean_salinity_z,-0.017499981854698223,0.011106108932076312,2982.580961533843,-1.575707744424812,0.11519922699610298,0.11519922699610298,,Main,NA,Intermediate,M5
HFP_period_z,-0.008072287719632993,0.012575751802128748,3694.5844722737716,-0.6418930531267772,0.5209824476014298,0.5209824476014298,,Main,NA,Intermediate,M5
elevation_z,-0.006363853660324762,0.010771911629352123,122.90902514942061,-0.5907822009033243,0.555751170760588,0.555751170760588,,Main,NA,Intermediate,M5
Period_bin:mean_temp_z,-0.22465856050084154,0.03139326633843036,14717.551950961466,-7.156265871761922,8.682165157867668e-13,8.682165157867668e-13,***,Delta,mean_temp_z,Intermediate,M5
Period_bin:sen_temp_z,0.020159848069054288,0.011885934016569283,10901.757977977795,1.6961097075712321,0.08989365656462137,0.08989365656462137,,Delta,sen_temp_z,Intermediate,M5
Period_bin:mean_Q_z,-0.037832048283081066,0.010494612105764798,15001.720182910201,-3.604902010842262,3.132827204972727e-4,3.132827204972727e-4,***,Delta,mean_Q_z,Intermediate,M5
Period_bin:mean_organic_z,0.02870540843913928,0.011629561516810858,14693.446725645505,2.468313908279758,0.013586420635921095,0.013586420635921095,*,Delta,mean_organic_z,Intermediate,M5
Period_bin:mean_salinity_z,0.009098383141237216,0.012908645758325562,14835.800638294264,0.7048286328075214,0.4809279519919981,0.4809279519919981,,Delta,mean_salinity_z,Intermediate,M5
Period_bin:HFP_period_z,0.016693279935107497,0.014632276179590932,14059.091127793627,1.140853256883659,0.25395042675880447,0.25395042675880447,,Delta,HFP_period_z,Intermediate,M5
Period_bin:elevation_z,-0.017062362864168724,0.011643162710550813,11988.212293427086,-1.4654405584066204,0.14282698436661315,0.14282698436661315,,Delta,elevation_z,Intermediate,M5
(Intercept),0.015623602307080679,0.02253289512683959,54.21601444036582,0.6933686159339085,0.4910381784781307,0.4910381784781307,,Main,NA,Intermediate,M6
Period_bin,-0.08664196042096237,0.013270089497038753,13847.27772365867,-6.529116509748988,6.846489087858726e-11,6.846489087858726e-11,***,Period,NA,Intermediate,M6
mean_temp_z,0.14366738315625444,0.030354648965870305,5256.264225747692,4.732961442505528,2.2707111514029925e-6,2.2707111514029925e-6,***,Main,NA,Intermediate,M6
sen_temp_z,0.010320554927729417,0.008899330830371038,11847.874171199594,1.1597001082944485,0.2461942960641164,0.2461942960641164,,Main,NA,Intermediate,M6
mean_Q_z,0.004172587844976363,0.009010596063618138,1125.6218432850449,0.4630756739638922,0.6433996402357195,0.6433996402357195,,Main,NA,Intermediate,M6
mean_organic_z,-0.0072233773650045565,0.009030337944506422,3934.0664627934807,-0.7999011121614641,0.42381638963847,0.42381638963847,,Main,NA,Intermediate,M6
mean_salinity_z,-0.01683437709138032,0.011110442718643202,2984.296108432931,-1.5151850846710564,0.12983144299546456,0.12983144299546456,,Main,NA,Intermediate,M6
HFP_period_z,-0.007026234896725663,0.012668560518239428,4404.191178446396,-0.5546198312436298,0.5791828842969133,0.5791828842969133,,Main,NA,Intermediate,M6
elevation_z,-0.004525568246121859,0.012775348548744502,3280.504642868383,-0.3542422524798049,0.7231801083872343,0.7231801083872343,,Main,NA,Intermediate,M6
C(Protocol)Electrofishing_backpack,0.06747486305399504,0.02784948428909406,3195.334032849102,2.422840665685806,0.015454917812656201,0.015454917812656201,*,Main,NA,Intermediate,M6
C(Protocol)Electrofishing_partialsection,0.07175044164538705,0.03073133795500394,1235.6439647237776,2.334764654582962,0.019715207008308144,0.019715207008308144,*,Main,NA,Intermediate,M6
C(Protocol)Electrofishing_wholesection,-0.0032708776478870254,0.057929331330949706,2127.086367016252,-0.05646323844479636,0.9549780832989763,0.9549780832989763,,Main,NA,Intermediate,M6
C(Protocol)Seining,0.04453860519099069,0.12081374956639448,1282.8161536526002,0.3686551021786972,0.7124456485475276,0.7124456485475276,,Main,NA,Intermediate,M6
Period_bin:mean_temp_z,-0.22614013837600502,0.03142685109641992,14943.706120411394,-7.195761919709685,6.506706653703653e-13,6.506706653703653e-13,***,Delta,mean_temp_z,Intermediate,M6
Period_bin:sen_temp_z,0.018814279697831688,0.011913516824471325,11684.83349259131,1.5792381019839279,0.1143085215933534,0.1143085215933534,,Delta,sen_temp_z,Intermediate,M6
Period_bin:mean_Q_z,-0.03790406137922125,0.010497843627185779,14997.785306070351,-3.6106521229810338,3.064241065246647e-4,3.064241065246647e-4,***,Delta,mean_Q_z,Intermediate,M6
Period_bin:mean_organic_z,0.028961216931308095,0.011637102944384711,14756.240940199517,2.4886964624887886,0.012832176478339688,0.012832176478339688,*,Delta,mean_organic_z,Intermediate,M6
Period_bin:mean_salinity_z,0.009027796868706613,0.012908855183010206,14834.582834727613,0.699349147598186,0.484344824491888,0.484344824491888,,Delta,mean_salinity_z,Intermediate,M6
Period_bin:HFP_period_z,0.016950587599684052,0.01463313891502679,14062.890810720617,1.1583698957629296,0.24673278981137187,0.24673278981137187,,Delta,HFP_period_z,Intermediate,M6
Period_bin:elevation_z,-0.018127115942148008,0.011717439891429152,13222.94042251572,-1.5470201776249164,0.12188231161285772,0.12188231161285772,,Delta,elevation_z,Intermediate,M6
(Intercept),-0.0369424903507488,0.05257210613130315,19.077368116586733,-0.7027013576074335,0.49072847117473994,0.49072847117473994,,Main,NA,Warm,M1
Period_bin,-0.09236188030039554,0.04078334280215153,10776.522865377467,-2.2646961713869853,0.023551106095518054,0.023551106095518054,*,Period,NA,Warm,M1
mean_temp_z,0.1734614252298338,0.04030581149086562,3696.409965289859,4.303633119237527,1.7237246021872174e-5,1.7237246021872174e-5,***,Main,NA,Warm,M1
sen_temp_z,0.03253157844090702,0.009723315673424998,10664.937321437077,3.345728919387012,8.234991036619471e-4,8.234991036619471e-4,***,Main,NA,Warm,M1
mean_Q_z,-0.03982252296640826,0.012662078235503329,10261.228219542354,-3.145022659451707,0.0016654808790864777,0.0016654808790864777,**,Main,NA,Warm,M1
mean_organic_z,0.041762276505748284,0.017188421074228927,10148.781768838622,2.4296749727852323,0.01512959785960762,0.01512959785960762,*,Main,NA,Warm,M1
mean_salinity_z,-0.030052536129332178,0.010958181790343191,9308.822111648065,-2.7424746827813835,0.006109472868925031,0.006109472868925031,**,Main,NA,Warm,M1
HFP_period_z,-0.01218207189872043,0.012476514377416153,10001.20048654857,-0.9764002613399223,0.32888976813543414,0.32888976813543414,,Main,NA,Warm,M1
elevation_z,0.04639045002757604,0.015238227893351755,1829.3192527836084,3.0443467804950997,0.0023651056961756095,0.0023651056961756095,**,Main,NA,Warm,M1
Period_bin:mean_temp_z,-0.029824382527781947,0.04720129569014613,10776.775281918723,-0.6318551660862175,0.5274949248835111,0.5274949248835111,,Delta,mean_temp_z,Warm,M1
Period_bin:sen_temp_z,0.057285877236492665,0.014363346923792021,10612.161369970587,3.9883376444526344,6.698443065976632e-5,6.698443065976632e-5,***,Delta,sen_temp_z,Warm,M1
Period_bin:mean_Q_z,0.05372168186640652,0.016465834336992727,10781.818372431493,3.262615229020827,0.0011073270207300953,0.0011073270207300953,**,Delta,mean_Q_z,Warm,M1
Period_bin:mean_organic_z,-0.07197859501025644,0.021237882783179812,10770.934324815133,-3.3891605742952287,7.035835990385963e-4,7.035835990385963e-4,***,Delta,mean_organic_z,Warm,M1
Period_bin:mean_salinity_z,0.04366844941160678,0.012691729663495509,10773.733843134683,3.440701194353976,5.824093141039224e-4,5.824093141039224e-4,***,Delta,mean_salinity_z,Warm,M1
Period_bin:HFP_period_z,-0.008531845668685091,0.015289858480777234,10770.320732660566,-0.558006843517324,0.5768513094140117,0.5768513094140117,,Delta,HFP_period_z,Warm,M1
Period_bin:elevation_z,-0.027388966154899944,0.017656844529982167,10781.98795546943,-1.5511812491972825,0.12088760457245853,0.12088760457245853,,Delta,elevation_z,Warm,M1
(Intercept),-0.030762320344194866,0.05447057840084259,22.156866745294394,-0.5647511234013078,0.5779166176560467,0.5779166176560467,,Main,NA,Warm,M2
Period_bin,-0.10010483666207068,0.042579700901578574,6886.143153403328,-2.3509990568853305,0.018751120996490116,0.018751120996490116,*,Period,NA,Warm,M2
mean_temp_z,0.16872701829331563,0.04672904610531952,844.1270435059679,3.610752462462703,3.233190073115706e-4,3.233190073115706e-4,***,Main,NA,Warm,M2
sen_temp_z,0.03310729900021246,0.010303200930150665,7166.336060379644,3.213302276123652,0.0013179891403626153,0.0013179891403626153,**,Main,NA,Warm,M2
mean_Q_z,-0.044320836577978195,0.015532774385176916,898.3443334995458,-2.8533754163244667,0.0044251301249236255,0.0044251301249236255,**,Main,NA,Warm,M2
mean_organic_z,0.053606621819552065,0.01989043633835625,1586.3374022414478,2.695095316545586,0.007111149671375017,0.007111149671375017,**,Main,NA,Warm,M2
mean_salinity_z,-0.03131592019667673,0.012275422163856825,1771.5944937636475,-2.551107389926014,0.01082153418472413,0.01082153418472413,*,Main,NA,Warm,M2
HFP_period_z,-0.018976001850162696,0.01471856643822324,1287.9665952828934,-1.2892561194603267,0.19754054692476336,0.19754054692476336,,Main,NA,Warm,M2
elevation_z,0.03445010072273759,0.017165791688772872,597.3468745491633,2.006904274928919,0.04520995272190852,0.04520995272190852,*,Main,NA,Warm,M2
Period_bin:mean_temp_z,-0.02482627915669279,0.04923741664121185,7031.2478479880865,-0.5042157133791039,0.6141255984074588,0.6141255984074588,,Delta,mean_temp_z,Warm,M2
Period_bin:sen_temp_z,0.05004267208146429,0.015227649501312095,6272.610088995542,3.2863031209874083,0.0010206963741764058,0.0010206963741764058,**,Delta,sen_temp_z,Warm,M2
Period_bin:mean_Q_z,0.05689249727780842,0.017096980627222327,7851.689592187904,3.3276341898184336,8.798948560588178e-4,8.798948560588178e-4,***,Delta,mean_Q_z,Warm,M2
Period_bin:mean_organic_z,-0.08297634404403072,0.02205204053311707,7758.023398177353,-3.762751293669147,1.6929290931992912e-4,1.6929290931992912e-4,***,Delta,mean_organic_z,Warm,M2
Period_bin:mean_salinity_z,0.044271994316028844,0.012889936236323186,9699.213648876994,3.4346170147275523,5.958754383337216e-4,5.958754383337216e-4,***,Delta,mean_salinity_z,Warm,M2
Period_bin:HFP_period_z,-0.005643111223885354,0.015848394360141273,7863.892283861059,-0.3560683243772495,0.7217989498106854,0.7217989498106854,,Delta,HFP_period_z,Warm,M2
Period_bin:elevation_z,-0.024227962469485036,0.01794542534574877,9688.873709879617,-1.3500912908271958,0.17701823903660316,0.17701823903660316,,Delta,elevation_z,Warm,M2
(Intercept),0.02834945330732211,0.05334969382209292,32.39255775668606,0.5313892409928352,0.5987744609982604,0.5987744609982604,,Main,NA,Warm,M3
Period_bin,-0.09352676576028641,0.04078442846916221,10776.903552242942,-2.293197901032341,0.021855776278886418,0.021855776278886418,*,Period,NA,Warm,M3
mean_temp_z,0.16926601536755329,0.040135773664641924,3008.413888893246,4.217335307445939,2.544993325219438e-5,2.544993325219438e-5,***,Main,NA,Warm,M3
sen_temp_z,0.03268569727438685,0.009723690895645084,10482.382172071642,3.361449641414011,7.781162182381107e-4,7.781162182381107e-4,***,Main,NA,Warm,M3
mean_Q_z,-0.03934132249253326,0.012652366097960187,9913.051746667448,-3.10940437448106,0.0018799623980563088,0.0018799623980563088,**,Main,NA,Warm,M3
mean_organic_z,0.04038905918803566,0.017188945825795495,9660.761999168393,2.3497112386859524,0.01880799626958324,0.01880799626958324,*,Main,NA,Warm,M3
mean_salinity_z,-0.030099158652158148,0.010956658238578772,9434.806453841953,-2.747111208249425,0.0060236843252747235,0.0060236843252747235,**,Main,NA,Warm,M3
HFP_period_z,-0.013623328526878906,0.012497376016712027,10356.044670131243,-1.090095113459114,0.2756966121701882,0.2756966121701882,,Main,NA,Warm,M3
elevation_z,0.04288352283426918,0.015212201571521314,990.7733858479825,2.819021469880547,0.004912993687172634,0.004912993687172634,**,Main,NA,Warm,M3
C(Protocol)Electrofishing_partialsection,-0.05105953479290098,0.04406622629430128,22.95665186690354,-1.1586999633663682,0.25849030945632123,0.25849030945632123,,Main,NA,Warm,M3
C(Protocol)Electrofishing_wholesection,-0.1314359486170721,0.04559178385314896,27.24828854339915,-2.88288672889894,0.007602073740327234,0.007602073740327234,**,Main,NA,Warm,M3
Period_bin:mean_temp_z,-0.029047345993903628,0.04719768503161024,10778.619315650001,-0.6154400575886173,0.5382771379292519,0.5382771379292519,,Delta,mean_temp_z,Warm,M3
Period_bin:sen_temp_z,0.056485962078804866,0.014358410115752762,10438.224589343392,3.9339983761038786,8.408546074755913e-5,8.408546074755913e-5,***,Delta,sen_temp_z,Warm,M3
Period_bin:mean_Q_z,0.05340196710080432,0.01646593537591813,10782.484177282935,3.2431784700738056,0.001185638136561226,0.001185638136561226,**,Delta,mean_Q_z,Warm,M3
Period_bin:mean_organic_z,-0.07155489658665685,0.02123466635870569,10768.751687997035,-3.3697207847732966,7.55085698492565e-4,7.55085698492565e-4,***,Delta,mean_organic_z,Warm,M3
Period_bin:mean_salinity_z,0.04370824586881384,0.012691191502430397,10775.391265793518,3.4439828490842324,5.753933493788287e-4,5.753933493788287e-4,***,Delta,mean_salinity_z,Warm,M3
Period_bin:HFP_period_z,-0.008320072504572508,0.015293347880626916,10783.271615116828,-0.5440321223001857,0.5864306162760577,0.5864306162760577,,Delta,HFP_period_z,Warm,M3
Period_bin:elevation_z,-0.027495940195654982,0.017655757873729968,10783.735904159297,-1.5573355951242533,0.11942017382585317,0.11942017382585317,,Delta,elevation_z,Warm,M3
(Intercept),0.04051193487462274,0.05482040207021861,26.980618014900834,0.738993756790248,0.466291632419363,0.466291632419363,,Main,NA,Warm,M4
Period_bin,-0.10156564680179399,0.04257572452969509,6885.748638495061,-2.385529498880412,0.01708143109931777,0.01708143109931777,*,Period,NA,Warm,M4
mean_temp_z,0.16327406218845558,0.046335637105760434,735.3839950246075,3.5237254171294734,4.518375256713074e-4,4.518375256713074e-4,***,Main,NA,Warm,M4
sen_temp_z,0.03313320568988844,0.010299494896165483,7120.214819168701,3.216973844243952,0.0013012998909009688,0.0013012998909009688,**,Main,NA,Warm,M4
mean_Q_z,-0.04356516345074571,0.015487105924149024,892.2590754323405,-2.812995769778691,0.005016021087619961,0.005016021087619961,**,Main,NA,Warm,M4
mean_organic_z,0.05115679569034796,0.019876778175085034,1547.4311315552918,2.5736965638863705,0.010154199882595243,0.010154199882595243,*,Main,NA,Warm,M4
mean_salinity_z,-0.03129876967407104,0.012266146644729546,1782.8329635128493,-2.551638308312524,0.01080459529190755,0.01080459529190755,*,Main,NA,Warm,M4
HFP_period_z,-0.021641513100436136,0.014765275499160155,1284.135000197529,-1.4657033051409776,0.1429739394535459,0.1429739394535459,,Main,NA,Warm,M4
elevation_z,0.029605154598374567,0.017007321042387866,344.1511607932473,1.7407300376460664,0.08262464178018089,0.08262464178018089,,Main,NA,Warm,M4
C(Protocol)Electrofishing_partialsection,-0.060396078471838685,0.04497135353000494,14.169488557746106,-1.342990008773971,0.20039283849275707,0.20039283849275707,,Main,NA,Warm,M4
C(Protocol)Electrofishing_wholesection,-0.13649716363962544,0.047164817736471895,18.292841699106283,-2.8940462444334667,0.009555893101501726,0.009555893101501726,**,Main,NA,Warm,M4
Period_bin:mean_temp_z,-0.02393503459770653,0.04922586258793274,7037.220271190015,-0.48622885083935496,0.6268200584593837,0.6268200584593837,,Delta,mean_temp_z,Warm,M4
Period_bin:sen_temp_z,0.049180144522261986,0.0152173097114911,6186.083921709882,3.2318553972207327,0.0012363361376569286,0.0012363361376569286,**,Delta,sen_temp_z,Warm,M4
Period_bin:mean_Q_z,0.05653509915982045,0.017094646988862497,7856.762460265407,3.30718143502198,9.46630399388124e-4,9.46630399388124e-4,***,Delta,mean_Q_z,Warm,M4
Period_bin:mean_organic_z,-0.08222897514856536,0.022044391116926805,7762.632821970615,-3.730154065603825,1.927267861742302e-4,1.927267861742302e-4,***,Delta,mean_organic_z,Warm,M4
Period_bin:mean_salinity_z,0.04422584827097802,0.012887167314755043,9713.04499545745,3.431774197603693,6.02145104979426e-4,6.02145104979426e-4,***,Delta,mean_salinity_z,Warm,M4
Period_bin:HFP_period_z,-0.005301604976878474,0.015851793379983246,7867.788782170348,-0.3344482765951922,0.7380502298469424,0.7380502298469424,,Delta,HFP_period_z,Warm,M4
Period_bin:elevation_z,-0.024305674891459628,0.01794241473980677,9698.303184830422,-1.3546490393812725,0.17556095742289365,0.17556095742289365,,Delta,elevation_z,Warm,M4
(Intercept),0.014203038722195378,0.05142051613560718,13.120338084844088,0.2762134608827895,0.7866871414923996,0.7866871414923996,,Main,NA,Warm,M5
Period_bin,-0.10250097556977905,0.04257857413475859,6815.3552189405345,-2.4073369682453367,0.01609574904647952,0.01609574904647952,*,Period,NA,Warm,M5
mean_temp_z,0.10909316997550399,0.04313087785674233,1549.7500234505899,2.529351949150051,0.011525789435624227,0.011525789435624227,*,Main,NA,Warm,M5
sen_temp_z,0.032631554771224806,0.010275268606035023,6948.04191963871,3.175737396495811,0.0015010954331881499,0.0015010954331881499,**,Main,NA,Warm,M5
mean_Q_z,-0.038829278198888525,0.01488238644122701,966.7276255373582,-2.609076061304531,0.009218915755678446,0.009218915755678446,**,Main,NA,Warm,M5
mean_organic_z,0.043031904422945626,0.01950598384456975,1592.6687501500253,2.2060873609779614,0.02752020103373156,0.02752020103373156,*,Main,NA,Warm,M5
mean_salinity_z,-0.022096471326531256,0.012051383885802026,1862.2459350820081,-1.8335214889771743,0.06688457856635387,0.06688457856635387,,Main,NA,Warm,M5
HFP_period_z,-0.021102809228305118,0.014552980058565599,1346.7662611380495,-1.4500678997278236,0.147272420894812,0.147272420894812,,Main,NA,Warm,M5
elevation_z,0.011757221719620126,0.015390790433641603,2092.3230518879104,0.7639127938433152,0.44500534565362004,0.44500534565362004,,Main,NA,Warm,M5
Period_bin:mean_temp_z,-0.020975152790166388,0.04926604497105605,6987.534953132508,-0.42575272284368176,0.670301152496037,0.670301152496037,,Delta,mean_temp_z,Warm,M5
Period_bin:sen_temp_z,0.045415383555577046,0.015108423745884692,6048.033588177185,3.0059643758633334,0.002658268718741375,0.002658268718741375,**,Delta,sen_temp_z,Warm,M5
Period_bin:mean_Q_z,0.054861298472221,0.017097452729810256,7817.764981164213,3.20874105278663,0.0013385554038061493,0.0013385554038061493,**,Delta,mean_Q_z,Warm,M5
Period_bin:mean_organic_z,-0.07953269382714957,0.022040503983625215,7725.1370602454745,-3.6084789116545446,3.0994504214267065e-4,3.0994504214267065e-4,***,Delta,mean_organic_z,Warm,M5
Period_bin:mean_salinity_z,0.04102585157765364,0.01286922971283312,9760.119134084172,3.187902655645575,0.0014376092733946098,0.0014376092733946098,**,Delta,mean_salinity_z,Warm,M5
Period_bin:HFP_period_z,-0.006043818704212585,0.01586243724644386,7865.605695791991,-0.3810145068071129,0.7032027744633338,0.7032027744633338,,Delta,HFP_period_z,Warm,M5
Period_bin:elevation_z,-0.024696211546300577,0.0179491655397857,9686.856674611525,-1.3758974750976325,0.16888518638502564,0.16888518638502564,,Delta,elevation_z,Warm,M5
(Intercept),0.08686234297483238,0.042686293797213004,1003.7032836674751,2.0349000873086722,0.04212330366023123,0.04212330366023123,*,Main,NA,Warm,M6
Period_bin,-0.10425944726940188,0.042570061423518095,6813.4263109692465,-2.4491260708353852,0.014345343823317433,0.014345343823317433,*,Period,NA,Warm,M6
mean_temp_z,0.11378163028156622,0.043190116879559926,1544.7968205184268,2.634436730024556,0.008511917522735514,0.008511917522735514,**,Main,NA,Warm,M6
sen_temp_z,0.03249446169427486,0.010271240158050098,6932.971389736497,3.163635665631602,0.0015648480645748361,0.0015648480645748361,**,Main,NA,Warm,M6
mean_Q_z,-0.03882344692353949,0.014857064479553863,970.6073289320659,-2.6131304052000255,0.009110477114909147,0.009110477114909147,**,Main,NA,Warm,M6
mean_organic_z,0.04177345687016757,0.019500059407623213,1581.2654206151378,2.142222031069144,0.03232795715239103,0.03232795715239103,*,Main,NA,Warm,M6
mean_salinity_z,-0.02379983880640887,0.01208820331147069,1912.4236945185214,-1.9688483220517,0.04911470764532054,0.04911470764532054,*,Main,NA,Warm,M6
HFP_period_z,-0.023574611341447886,0.014604430405219153,1346.3698261398515,-1.6142095711602062,0.10671629599239321,0.10671629599239321,,Main,NA,Warm,M6
elevation_z,0.011918280191724199,0.01537097887394064,2102.8668983555162,0.7753754845067146,0.4382050006934741,0.4382050006934741,,Main,NA,Warm,M6
C(Protocol)Electrofishing_partialsection,-0.07393793243619151,0.02912202783276752,889.4180357825339,-2.5389005484363296,0.011289541073460647,0.011289541073460647,*,Main,NA,Warm,M6
C(Protocol)Electrofishing_wholesection,-0.1512904012926656,0.03328669935228315,925.5528471157678,-4.545070680980225,6.219298671563323e-6,6.219298671563323e-6,***,Main,NA,Warm,M6
Period_bin:mean_temp_z,-0.019991854895123132,0.04924578704992069,6993.334057776101,-0.40596071446390514,0.6847838865841668,0.6847838865841668,,Delta,mean_temp_z,Warm,M6
Period_bin:sen_temp_z,0.045570671825698274,0.015102176810853542,6037.097183102861,3.0174902860988766,0.0025594025126242145,0.0025594025126242145,**,Delta,sen_temp_z,Warm,M6
Period_bin:mean_Q_z,0.05481188023142319,0.017091141796748182,7820.80455221022,3.207034432412929,0.0013465091072876122,0.0013465091072876122,**,Delta,mean_Q_z,Warm,M6
Period_bin:mean_organic_z,-0.0790969039341075,0.022031981734947144,7727.55500375728,-3.5900948396595633,3.3260750811450924e-4,3.3260750811450924e-4,***,Delta,mean_organic_z,Warm,M6
Period_bin:mean_salinity_z,0.04155303325719836,0.012869995042706292,9766.281507620011,3.2286751563861227,0.0012477604128205133,0.0012477604128205133,**,Delta,mean_salinity_z,Warm,M6
Period_bin:HFP_period_z,-0.005765050737640448,0.015860121657899018,7858.084419657805,-0.36349347514425945,0.7162460643222648,0.7162460643222648,,Delta,HFP_period_z,Warm,M6
Period_bin:elevation_z,-0.024429483514733268,0.01794490841794545,9694.629784703639,-1.3613601666700648,0.17343153643913112,0.17343153643913112,,Delta,elevation_z,Warm,M6
